/*
 Navicat Premium Data Transfer

 Source Server         : localhost
 Source Server Type    : MySQL
 Source Server Version : 50546
 Source Host           : localhost:3306
 Source Schema         : decent-core

 Target Server Type    : MySQL
 Target Server Version : 50546
 File Encoding         : 65001

 Date: 11/04/2020 10:08:15
*/

SET NAMES utf8mb4;
SET FOREIGN_KEY_CHECKS = 0;

-- ----------------------------
-- Table structure for account_bank
-- ----------------------------
DROP TABLE IF EXISTS `account_bank`;
CREATE TABLE `account_bank` (
  `id` bigint(11) NOT NULL COMMENT '主键',
  `account_id` bigint(11) DEFAULT NULL COMMENT '帐户Id',
  `bank_id` bigint(11) DEFAULT NULL COMMENT '银行ID',
  `bank_outlets_id` bigint(11) DEFAULT NULL COMMENT '所属开户行ID(网点全部建全需要时间，建议自行输入)',
  `card_no` varchar(22) NOT NULL COMMENT '银行卡号',
  `bank_name` varchar(50) DEFAULT NULL COMMENT '所属银行',
  `outlets_name` varchar(1000) DEFAULT NULL COMMENT '开户行',
  `pro_name` varchar(20) DEFAULT NULL COMMENT '银行所在省（直辖市）',
  `city_name` varchar(20) DEFAULT NULL COMMENT '银行所在市（区）',
  `address` varchar(100) DEFAULT NULL COMMENT '开户行地址',
  `defUse` tinyint(1) DEFAULT NULL COMMENT '默认使用',
  `deleted` tinyint(1) DEFAULT '0' COMMENT '删除标记（1是，0否）',
  `bank_telephone` varchar(50) DEFAULT NULL COMMENT '银行预留手机号',
  `create_time` timestamp NULL DEFAULT NULL COMMENT '创建时间',
  `update_time` timestamp NULL DEFAULT NULL ON UPDATE CURRENT_TIMESTAMP COMMENT '最后修改时间',
  PRIMARY KEY (`id`),
  KEY `accountId` (`account_id`),
  KEY `bankOutlets` (`bank_outlets_id`),
  KEY `deleted` (`deleted`),
  KEY `cardNo` (`card_no`)
) ENGINE=InnoDB DEFAULT CHARSET=utf8 COMMENT='用户银行卡信息表';

-- ----------------------------
-- Records of account_bank
-- ----------------------------
BEGIN;
INSERT INTO `account_bank` VALUES (46846379216809, 46840414863209, 11, NULL, '6259530308214759', '工商银行', '东城区', '北京市', '北京市', '', 0, 0, '13621859422', '2017-04-07 13:38:58', '2017-09-18 20:17:45');
INSERT INTO `account_bank` VALUES (46856837904809, 46839889850409, 11, NULL, '123645897999999999', '工商银行', '渣打', '北京市', '北京市', '', 0, 0, '13621859420', '2017-04-07 13:38:58', '2017-09-18 20:17:45');
INSERT INTO `account_bank` VALUES (46882346684609, 46829047333709, 11, NULL, '6222021310001986266', '工商银行', '徐汇支行', '上海市', '上海市', '', 0, 0, '18700000002', '2017-04-07 13:38:58', '2017-09-18 20:17:45');
INSERT INTO `account_bank` VALUES (46899465014909, 46899255857409, 11, NULL, '111122223333333333', '工商银行', '222', '北京市', '北京市', NULL, 0, 0, NULL, '2017-04-07 13:38:58', '2017-04-07 13:38:58');
INSERT INTO `account_bank` VALUES (47004061825009, 11, 7, NULL, '622202131000235334', '招商银行招商银行招商银行', '徐汇支行', '上海市', '上海市', '', 0, 0, '18721528640', '2017-04-07 13:38:58', '2017-11-09 10:50:24');
INSERT INTO `account_bank` VALUES (47011707545609, 46735295500690, 11, NULL, '111122223322222222', '工商银行', 'ww1', '北京市', '北京市', NULL, 0, 1, NULL, '2017-04-07 13:38:58', '2017-04-07 13:38:58');
INSERT INTO `account_bank` VALUES (47029082312409, 47028926026409, 11, NULL, '111111111111111111', '工商银行', '啦啦啦', '河南省', '郑州市', NULL, 0, 0, '13621859504', '2017-04-07 13:38:58', '2017-09-18 20:17:45');
INSERT INTO `account_bank` VALUES (47030546456009, 47030514999409, 1, NULL, '1111444444111111', '招商银行', '111', '北京市', '北京市', NULL, 0, 0, NULL, '2017-04-07 13:38:58', '2017-04-07 13:38:58');
INSERT INTO `account_bank` VALUES (47036404946509, 47036393561209, 1, NULL, '111111222222111111', '建设银行', '111', '天津市', '天津市', NULL, 0, 0, NULL, '2017-04-07 13:38:58', '2017-04-07 13:38:58');
INSERT INTO `account_bank` VALUES (47037609749009, 47037599432309, 2, NULL, '11112222211111212121', '农业银行', '111', '天津市', '天津市', NULL, 0, 0, NULL, '2017-04-07 13:38:58', '2017-04-07 13:38:58');
INSERT INTO `account_bank` VALUES (47038552620509, 47036124596709, 11, NULL, '555554444433', '工商银行', '11', '天津市', '天津市', NULL, 0, 0, NULL, '2017-04-07 13:38:58', '2017-04-07 13:38:58');
INSERT INTO `account_bank` VALUES (47123554285509, 46735295500690, 12, NULL, '111122223322222222', '浦东发展银行', '111', '北京市', '北京市', NULL, 0, 1, NULL, '2017-04-07 13:38:58', '2017-04-07 13:38:58');
INSERT INTO `account_bank` VALUES (47123558224409, 46735295500690, 2, NULL, '111122223322222222', '农业银行', '11', '天津市', '天津市', NULL, 0, 1, NULL, '2017-04-07 13:38:58', '2017-04-07 13:38:58');
INSERT INTO `account_bank` VALUES (47123596261109, 46735295500690, 11, NULL, '111122223322222222', '工商银行', '11', '河北省', '石家庄市', NULL, 0, 1, NULL, '2017-04-07 13:38:58', '2017-04-07 13:38:58');
INSERT INTO `account_bank` VALUES (47123971091709, 46735295500690, 11, NULL, '111122223322222222', '工商银行', '111', '北京市', '北京市', NULL, 0, 1, NULL, '2017-04-07 13:38:58', '2017-04-07 13:38:58');
INSERT INTO `account_bank` VALUES (47124142925209, 46735295500690, 7, NULL, '111122223322222222', '招商银行', '111', '内蒙古自治区', '呼和浩特市', NULL, 0, 1, NULL, '2017-04-07 13:38:58', '2017-04-07 13:38:58');
INSERT INTO `account_bank` VALUES (47124356558809, 47124344535009, 7, NULL, '1112223331112222', '招商银行', '111', '天津市', '天津市', NULL, 0, 0, NULL, '2017-04-07 13:38:58', '2017-04-07 13:38:58');
INSERT INTO `account_bank` VALUES (47125051031009, 47124517415009, 11, NULL, '111122223322222222', '工商银行', '111', '北京市', '北京市', NULL, 0, 0, NULL, '2017-04-07 13:38:58', '2017-04-07 13:38:58');
INSERT INTO `account_bank` VALUES (47125143494709, 46735295500690, 2, NULL, '111122223322222222', '农业银行', '111', '北京市', '北京市', NULL, 0, 1, NULL, '2017-04-07 13:38:58', '2017-04-07 13:38:58');
INSERT INTO `account_bank` VALUES (47125311800209, 46735295500690, 3, NULL, '111122223322222222', '中国银行', '111', '北京市', '北京市', NULL, 0, 1, NULL, '2017-04-07 13:38:58', '2017-04-07 13:38:58');
INSERT INTO `account_bank` VALUES (47125317588109, 46735295500690, 8, NULL, '111122223322222222', '交通银行', '111', '天津市', '天津市', NULL, 0, 1, NULL, '2017-04-07 13:38:58', '2017-04-07 13:38:58');
INSERT INTO `account_bank` VALUES (47125323712509, 46735295500690, 7, NULL, '111122223322222222', '招商银行', '11', '天津市', '天津市', NULL, 0, 1, NULL, '2017-04-07 13:38:58', '2017-04-07 13:38:58');
INSERT INTO `account_bank` VALUES (47125693684309, 47125640861709, 1, NULL, '1111122221111122', '建设银行', '111', '北京市', '北京市', NULL, 0, 0, NULL, '2017-04-07 13:38:58', '2017-04-07 13:38:58');
INSERT INTO `account_bank` VALUES (47125730193509, 46735295500690, 11, NULL, '111122223322222222', '工商银行', '11', '天津市', '天津市', NULL, 0, 1, NULL, '2017-04-07 13:38:58', '2017-04-07 13:38:58');
INSERT INTO `account_bank` VALUES (47125808531209, 46735295500690, 2, NULL, '1111222111111122', '农业银行', '111', '北京市', '北京市', NULL, 0, 1, NULL, '2017-04-07 13:38:58', '2017-04-07 13:38:58');
INSERT INTO `account_bank` VALUES (47131666427809, 46735295500690, 2, NULL, '111122223322222222', '农业银行', '111', '河北省', '石家庄市', NULL, 0, 1, NULL, '2017-04-07 13:38:58', '2017-04-07 13:38:58');
INSERT INTO `account_bank` VALUES (47131729587909, 46735295500690, 8, NULL, '111122223322222222', '交通银行', 'ww1', '北京市', '北京市', NULL, 0, 1, NULL, '2017-04-07 13:38:58', '2017-04-07 13:38:58');
INSERT INTO `account_bank` VALUES (47132199381409, 46735295500690, 7, NULL, '111122223322222222', '招商银行', '111', '天津市', '天津市', NULL, 0, 1, NULL, '2017-04-07 13:38:58', '2017-04-07 13:38:58');
INSERT INTO `account_bank` VALUES (47132309789709, 46735295500690, 3, NULL, '111122223322222222', '中国银行', '111', '河北省', '石家庄市', NULL, 0, 1, NULL, '2017-04-07 13:38:58', '2017-04-07 13:38:58');
INSERT INTO `account_bank` VALUES (47132361366509, 46735295500690, 2, NULL, '111122223322222222', '农业银行', '恶恶恶', '河北省', '石家庄市', NULL, 0, 1, NULL, '2017-04-07 13:38:58', '2017-04-07 13:38:58');
INSERT INTO `account_bank` VALUES (47132427750609, 46735295500690, 11, NULL, '111122223322222222', '工商银行', '11', '河南省', '郑州市', NULL, 0, 1, NULL, '2017-04-07 13:38:58', '2017-04-07 13:38:58');
INSERT INTO `account_bank` VALUES (47132438157709, 47132406948109, 7, NULL, '111122223322222222', '招商银行', '11', '河北省', '邯郸市', NULL, 0, 0, NULL, '2017-04-07 13:38:58', '2017-04-07 13:38:58');
INSERT INTO `account_bank` VALUES (47132520055509, 46735295500690, 8, NULL, '111122223322222222', '交通银行', 'wq', '山西省', '太原市', NULL, 0, 1, NULL, '2017-04-07 13:38:58', '2017-04-07 13:38:58');
INSERT INTO `account_bank` VALUES (47132522440109, 46735295500690, 11, NULL, '111122223322222222', '工商银行', '11', '北京市', '北京市', NULL, 0, 1, NULL, '2017-04-07 13:38:58', '2017-04-07 13:38:58');
INSERT INTO `account_bank` VALUES (47132618224809, 46735295500690, 2, NULL, '111122223322222222', '农业银行', '111', '天津市', '天津市', NULL, 0, 1, NULL, '2017-04-07 13:38:58', '2017-04-07 13:38:58');
INSERT INTO `account_bank` VALUES (47132658248109, 46735295500690, 3, NULL, '111122223322222222', '中国银行', '111', '内蒙古自治区', '呼和浩特市', NULL, 0, 1, NULL, '2017-04-07 13:38:58', '2017-04-07 13:38:58');
INSERT INTO `account_bank` VALUES (47132671033409, 46735295500690, 2, NULL, '111122223322222222', '农业银行', '111', '天津市', '天津市', NULL, 0, 1, NULL, '2017-04-07 13:38:58', '2017-04-07 13:38:58');
INSERT INTO `account_bank` VALUES (47132729478809, 46735295500690, 2, NULL, '111122223322222222', '农业银行', '111', '天津市', '天津市', NULL, 0, 1, NULL, '2017-04-07 13:38:58', '2017-04-07 13:38:58');
INSERT INTO `account_bank` VALUES (47132765464809, 46735295500690, 2, NULL, '111122223322222222', '农业银行', '111', '天津市', '天津市', NULL, 0, 1, NULL, '2017-04-07 13:38:58', '2017-04-07 13:38:58');
INSERT INTO `account_bank` VALUES (47132784935809, 46735295500690, 7, NULL, '111122223322222222', '招商银行', '111', '北京市', '北京市', NULL, 0, 1, NULL, '2017-04-07 13:38:58', '2017-04-07 13:38:58');
INSERT INTO `account_bank` VALUES (47132838241109, 46735295500690, 39, NULL, '111122223322222222', '深圳发展银行', '11', '湖北省', '武汉市', NULL, 0, 1, NULL, '2017-04-07 13:38:58', '2017-04-07 13:38:58');
INSERT INTO `account_bank` VALUES (47132840580409, 46735295500690, 4, NULL, '111122223322222222', '光大银行', '111', '北京市', '北京市', NULL, 0, 1, NULL, '2017-04-07 13:38:58', '2017-04-07 13:38:58');
INSERT INTO `account_bank` VALUES (47132894680109, 46735295500690, 2, NULL, '111122223322222222', '农业银行', '11', '北京市', '北京市', NULL, 0, 1, NULL, '2017-04-07 13:38:58', '2017-04-07 13:38:58');
INSERT INTO `account_bank` VALUES (47133179412609, 46735295500690, 2, NULL, '111122223322222222', '农业银行', '111', '天津市', '天津市', NULL, 0, 1, NULL, '2017-04-07 13:38:58', '2017-04-07 13:38:58');
INSERT INTO `account_bank` VALUES (47133282426109, 46735295500690, 7, NULL, '111122223322222222', '招商银行', '11', '河北省', '石家庄市', NULL, 0, 1, NULL, '2017-04-07 13:38:58', '2017-04-07 13:38:58');
INSERT INTO `account_bank` VALUES (47133421285809, 46735295500690, 8, NULL, '111122223322222222', '交通银行', '11', '河北省', '石家庄市', NULL, 0, 1, NULL, '2017-04-07 13:38:58', '2017-04-07 13:38:58');
INSERT INTO `account_bank` VALUES (47133443256909, 46735295500690, 7, NULL, '111122223322222222', '招商银行', '111', '河北省', '石家庄市', NULL, 0, 1, NULL, '2017-04-07 13:38:58', '2017-04-07 13:38:58');
INSERT INTO `account_bank` VALUES (47133449411209, 46735295500690, 1, NULL, '111122223322222222', '建设银行', '111', '山东省', '济南市', NULL, 0, 1, NULL, '2017-04-07 13:38:58', '2017-04-07 13:38:58');
INSERT INTO `account_bank` VALUES (47133481993609, 46735295500690, 2, NULL, '111122223322222222', '农业银行', '111', '天津市', '天津市', NULL, 0, 1, NULL, '2017-04-07 13:38:58', '2017-04-07 13:38:58');
INSERT INTO `account_bank` VALUES (47133484129209, 46735295500690, 7, NULL, '111122223322222222', '招商银行', '111', '天津市', '天津市', NULL, 0, 1, NULL, '2017-04-07 13:38:58', '2017-04-07 13:38:58');
INSERT INTO `account_bank` VALUES (47139967870409, 46735295500690, 1, NULL, '111122223322222222', '建设银行', '11', '天津市', '天津市', NULL, 0, 1, NULL, '2017-04-07 13:38:58', '2017-04-07 13:38:58');
INSERT INTO `account_bank` VALUES (47200644620509, 47200610410409, 11, NULL, '6222021310001986266', '工商银行', '徐汇区', '上海市', '上海市', '', 0, 0, '18700000003', '2017-04-07 13:38:58', '2017-09-18 20:17:45');
INSERT INTO `account_bank` VALUES (47262863479151, 471353725011, 1, 8, '56789', '建设银行', '上海分行', '上海', '上海', '徐汇', 1, 1, NULL, '2017-04-07 13:38:58', '2017-04-07 13:38:58');
INSERT INTO `account_bank` VALUES (47262868337651, 471353725011, 1, 8, '56789', '建设银行', '上海分行', '上海', '上海', '徐汇', 1, 1, NULL, '2017-04-07 13:38:58', '2017-04-07 13:38:58');
INSERT INTO `account_bank` VALUES (47263236086251, 47219976664151, 11, NULL, '6214786543213456', '工商银行', '这个夏天最后', '河北省', '保定市', '一切皆在取舍和一', 0, 0, NULL, '2017-04-07 13:38:58', '2017-04-07 13:38:58');
INSERT INTO `account_bank` VALUES (47373747458551, 471353725011, 1, 8, '56789', '建设银行', '上海分行', '上海', '上海', '徐汇', 1, 1, NULL, '2017-04-07 13:38:58', '2017-04-07 13:38:58');
INSERT INTO `account_bank` VALUES (47373770319251, 471353725011, 1, 8, '56789', '建设银行', '上海分行', '上海', '上海', '徐汇', 1, 1, NULL, '2017-04-07 13:38:58', '2017-04-07 13:38:58');
INSERT INTO `account_bank` VALUES (47374145974851, 471353725011, 1, 8, '56789', '建设银行', '上海分行', '上海', '上海', '徐汇', 1, 1, NULL, '2017-04-07 13:38:58', '2017-04-07 13:38:58');
INSERT INTO `account_bank` VALUES (47521608246851, 47488130047651, 1, NULL, '6217004220014895746', '建设银行', '建设银行', '陕西省', '西安市', '', 0, 0, '13512345678', '2017-04-07 13:38:58', '2017-09-18 20:17:45');
INSERT INTO `account_bank` VALUES (47609457353151, 46658996560509, 11, NULL, '6228480402564890018', '工商银行', 'Sadsadsad', '山西省', '太原市', 'Sdasdasdasd', 0, 0, '13811111111', '2017-04-07 13:38:58', '2017-09-18 20:17:45');
INSERT INTO `account_bank` VALUES (47641005054851, 47632699610651, 11, NULL, '6217000000000123', '工商银行', '哈哈哈哈哈哈哈', '河北省', '石家庄市', '哈哈哈哈哈哈', 0, 0, '18811111116', '2017-04-07 13:38:58', '2017-09-18 20:17:45');
INSERT INTO `account_bank` VALUES (47677879554620, 47677357738820, 7, NULL, '6214832130407161', '招商银行', '招商银行', '上海市', '上海市', '上海分行花木支行', 0, 0, '15921606375', '2017-04-07 13:38:58', '2017-09-18 20:17:45');
INSERT INTO `account_bank` VALUES (47756183635220, 47513189432351, 11, NULL, '6217000000000003', '工商银行', '111', '河北省', '邯郸市', '哈哈哈哈', 0, 0, '18840935753', '2017-04-07 13:38:58', '2017-09-18 20:17:45');
INSERT INTO `account_bank` VALUES (48636908285020, 46961398730409, 12, NULL, '6217920104116384', '浦东发展银行', NULL, '北京市', '北京市', '', 0, 1, '18221484418', '2017-04-07 13:38:58', '2017-09-18 20:17:45');
INSERT INTO `account_bank` VALUES (48781679868720, 48781604619220, 19, NULL, '1234567894561234', '中国邮政储蓄银行 ', NULL, NULL, NULL, NULL, 0, 0, '18710859723', '2017-04-07 13:38:58', '2017-09-18 20:17:45');
INSERT INTO `account_bank` VALUES (48782091151020, 48782078288920, 40, NULL, '1234567891234578', '北京农村信用联社 ', NULL, NULL, NULL, NULL, 0, 0, '18710457896', '2017-04-07 13:38:58', '2017-09-18 20:17:45');
INSERT INTO `account_bank` VALUES (48887402237420, 48712817993720, 11, NULL, '6214832132919968', '工商银行', '', '辽宁省', '锦州市', '', 0, 0, '18221484417', '2017-04-07 13:38:58', '2017-09-18 20:17:45');
INSERT INTO `account_bank` VALUES (48887504961520, 48876441690320, 11, NULL, '6226622536541234', '工商银行', NULL, '北京市', '北京市', '', 0, 1, '17000000000', '2017-04-07 13:38:58', '2017-09-18 20:17:45');
INSERT INTO `account_bank` VALUES (48887923909420, 48887888803320, 11, NULL, '6225622665237854', '工商银行', NULL, '北京市', '北京市', '', 0, 0, '17000000001', '2017-04-07 13:38:58', '2017-09-18 20:17:45');
INSERT INTO `account_bank` VALUES (48887936383420, 48420491943620, 8, NULL, '6222620810012096803', '交通银行', '', '陕西省', '西安市', '', 0, 0, NULL, '2017-04-07 13:38:58', '2017-04-07 13:38:58');
INSERT INTO `account_bank` VALUES (48895840927020, 48895823034020, 11, NULL, '17000000006', '工商银行', NULL, '北京市', '北京市', '', 0, 0, '17000000006', '2017-04-07 13:38:58', '2017-09-18 20:17:45');
INSERT INTO `account_bank` VALUES (48911695883220, 48911447015820, 11, NULL, '6222620110012943443', '工商银行', NULL, '北京市', '北京市', '', 0, 0, '13621859410', '2017-04-07 13:38:58', '2017-09-18 20:17:45');
INSERT INTO `account_bank` VALUES (48913694778820, 47737705383420, 11, NULL, '6325636569856325', '工商银行', NULL, '北京市', '北京市', '', 0, 1, NULL, '2017-04-07 13:38:58', '2017-04-07 13:38:58');
INSERT INTO `account_bank` VALUES (48913865847320, 48910870302820, 11, NULL, '6221234876527463', '工商银行', '', '北京市', '北京市', '', 0, 0, NULL, '2017-04-07 13:38:58', '2017-04-07 13:38:58');
INSERT INTO `account_bank` VALUES (48913899572420, 48910863125420, 11, NULL, '6221989879879879', '工商银行', '', '北京市', '北京市', '', 0, 0, '13572291044', '2017-04-07 13:38:58', '2017-09-18 20:17:45');
INSERT INTO `account_bank` VALUES (48914158651820, 48914149973620, 11, NULL, '6103235689654125', '工商银行', NULL, '北京市', '北京市', '', 0, 0, '15771736383', '2017-04-07 13:38:58', '2017-09-18 20:17:45');
INSERT INTO `account_bank` VALUES (48914281383820, 48912522863620, 11, NULL, '6222620110012945334', '工商银行', NULL, '北京市', '北京市', '', 0, 0, '13621859412', '2017-04-07 13:38:58', '2017-09-18 20:17:45');
INSERT INTO `account_bank` VALUES (48948193398620, 48946219690920, 39, NULL, '1111111111111111', '深圳发展银行 ', NULL, NULL, NULL, NULL, 0, 0, '131111111114', '2017-04-07 13:38:58', '2017-09-18 20:17:45');
INSERT INTO `account_bank` VALUES (48965422600520, 48963044869520, 13, NULL, '6225235684764567', '平安银行', NULL, '上海市', '上海市', '', 0, 1, '18516242222', '2017-04-07 13:38:58', '2017-09-18 20:17:45');
INSERT INTO `account_bank` VALUES (49015032395520, 48955826236820, 7, NULL, '6214234513721234', '招商银行', NULL, '上海市', '上海市', '', 0, 0, '18516275491', '2017-04-07 13:38:58', '2017-09-18 20:17:45');
INSERT INTO `account_bank` VALUES (49033990426420, 48906147304220, 11, NULL, '6222100023141765', '工商银行', '', '北京市', '北京市', '', 0, 0, '13572291056', '2017-04-07 13:38:58', '2017-09-18 20:17:45');
INSERT INTO `account_bank` VALUES (49093756285420, 49085920244020, 7, NULL, '1234567896325412', '招商银行', NULL, NULL, NULL, NULL, 0, 0, '18516246666', '2017-04-07 13:38:58', '2017-09-18 20:17:45');
INSERT INTO `account_bank` VALUES (49196686620430, 49136982709720, 11, NULL, '1472583699632514582', '工商银行', '', '辽宁省', '抚顺市', '', 0, 0, '13612341111', NULL, '2017-09-18 20:17:45');
INSERT INTO `account_bank` VALUES (49197580158530, 49196743229330, 11, NULL, '6222021594379864', '工商银行', '', '北京市', '北京市', '', 0, 1, '18000000002', NULL, '2017-09-18 20:17:45');
INSERT INTO `account_bank` VALUES (49206998192830, 49206981071930, 11, NULL, '6225364977888000000', '工商银行', NULL, '北京市', '北京市', '', 0, 0, '13612345555', NULL, '2017-09-18 20:17:45');
INSERT INTO `account_bank` VALUES (49248059844330, 49197436942230, 11, NULL, '1242123454321234549', '工商银行', NULL, '北京市', '北京市', '', 0, 0, '13612343333', NULL, '2017-09-18 20:17:45');
INSERT INTO `account_bank` VALUES (49259454617120, 49258883121320, 11, NULL, '6222023700013434231', '工商银行', '', '天津市', '天津市', '', 0, 1, '18000000003', NULL, '2017-09-18 20:17:45');
INSERT INTO `account_bank` VALUES (49259517027520, 49259492067020, 11, NULL, '6222023700012323123', '工商银行', '', '北京市', '北京市', '', 0, 0, '18000000004', NULL, '2017-09-18 20:17:45');
INSERT INTO `account_bank` VALUES (49284340912020, 49268925808320, 11, NULL, '6222023700013423123', '工商银行', '', '北京市', '北京市', '', 0, 0, '18000000005', NULL, '2017-09-18 20:17:45');
INSERT INTO `account_bank` VALUES (49301354026520, 49301325357620, 7, NULL, '6222023700012356789', '招商银行', '', '河北省', '邯郸市', '', 0, 0, '18000000006', NULL, '2017-09-18 20:17:45');
INSERT INTO `account_bank` VALUES (49302823296920, 49302808747820, 7, NULL, '7876545654345676543', '招商银行', NULL, '北京市', '北京市', '', 0, 0, '18516241119', NULL, '2017-09-18 20:17:45');
INSERT INTO `account_bank` VALUES (49309836352420, 49258883121320, 6, NULL, '3432356765456543219', '中信银行', NULL, '北京市', '北京市', '', 0, 1, '18000000003', NULL, '2017-09-18 20:17:45');
INSERT INTO `account_bank` VALUES (49309999175120, 49309879245320, 11, NULL, '6222096700023466766', '工商银行', '', '河北省', '邢台市', '', 0, 0, '18000000007', NULL, '2017-09-18 20:17:45');
INSERT INTO `account_bank` VALUES (49310103892520, 49310087117520, 4, NULL, '2343567898098789065', '光大银行', NULL, '北京市', '北京市', '', 0, 0, '18516241133', NULL, '2017-09-18 20:17:45');
INSERT INTO `account_bank` VALUES (49310419830120, 49310411068720, 4, NULL, '3837484758373627364', '光大银行', '', '北京市', '北京市', '', 0, 1, '18516241144', NULL, '2017-09-18 20:17:45');
INSERT INTO `account_bank` VALUES (49310445541420, 49310411068720, 3, NULL, '5676543456789870945', '中国银行', NULL, '北京市', '北京市', '', 0, 0, '18516241144', NULL, '2017-09-18 20:17:45');
INSERT INTO `account_bank` VALUES (49311275045920, 49259640637820, 11, NULL, '2343212321232123212', '工商银行', '', '河北省', '唐山市', '', 0, 1, '18516241113', NULL, '2017-09-18 20:17:45');
INSERT INTO `account_bank` VALUES (49311679252020, 49259646535620, 7, NULL, '8798765678909090909', '招商银行', NULL, '北京市', '北京市', '', 0, 1, '18516241114', NULL, '2017-09-18 20:17:45');
INSERT INTO `account_bank` VALUES (49311683597220, 49259646535620, 4, NULL, '5656565656565656565', '光大银行', NULL, '北京市', '北京市', '', 0, 1, '18516241114', NULL, '2017-09-18 20:17:45');
INSERT INTO `account_bank` VALUES (49311716079820, 49259646535620, 5, NULL, '5656564545454545432', '兴业银行', '', '内蒙古自治区', '通辽市', '', 0, 1, '18516241114', NULL, '2017-09-18 20:17:45');
INSERT INTO `account_bank` VALUES (49311801521020, 49259646535620, 11, NULL, '6586876546576545678', '工商银行', NULL, '北京市', '北京市', '', 0, 1, '18516241114', NULL, '2017-09-18 20:17:45');
INSERT INTO `account_bank` VALUES (49311843934620, 49259646535620, 13, NULL, '7878787878565656565', '平安银行', '', '北京市', '北京市', '', 0, 0, '18516241114', NULL, '2017-09-18 20:17:45');
INSERT INTO `account_bank` VALUES (49317562002420, 48876441690320, 3, NULL, '6223696969696969', '中国银行', NULL, '陕西省', '西安市', '', 0, 1, '17000000000', NULL, '2017-09-18 20:17:45');
INSERT INTO `account_bank` VALUES (49319599821120, 49319577192120, 4, NULL, '3434345656567878787', '光大银行', '', '北京市', '北京市', '', 0, 0, '18516241120', '2017-04-26 16:39:58', '2017-09-18 20:17:45');
INSERT INTO `account_bank` VALUES (49319799465420, 47608444860051, 11, NULL, '1234567890123456', '工商银行', NULL, '天津市', '天津市', '', 0, 0, '13511111113', '2017-04-26 17:13:15', '2017-09-18 20:17:45');
INSERT INTO `account_bank` VALUES (49336300316620, 48971829462620, 5, NULL, '9778798767876765456', '兴业银行', '', '北京市', '北京市', '', 0, 1, '18516243333', '2017-04-28 15:03:23', '2017-09-18 20:17:45');
INSERT INTO `account_bank` VALUES (49397059774220, 48963044869520, 5, NULL, '2343657687678765678', '兴业银行', NULL, '北京市', '北京市', '', 0, 0, '18516242222', '2017-05-05 15:49:58', '2017-09-18 20:17:45');
INSERT INTO `account_bank` VALUES (49422759528820, 49259655242320, 7, NULL, '8989898989898989898', '招商银行', NULL, '北京市', '北京市', NULL, 0, 0, '18516241116', '2017-05-08 15:13:15', '2017-09-18 20:17:45');
INSERT INTO `account_bank` VALUES (49422843810220, 49422831619420, 7, NULL, '7878787878787878', '招商银行', NULL, '北京市', '北京市', NULL, 0, 0, '18516241150', '2017-05-08 15:27:18', '2017-09-18 20:17:45');
INSERT INTO `account_bank` VALUES (49431791086920, 48876441690320, 11, NULL, '6222096788867867677', '工商银行', '', '天津市', '天津市', '', 0, 1, '17000000000', '2017-05-09 16:18:31', '2017-09-18 20:17:45');
INSERT INTO `account_bank` VALUES (49439499836620, 49016861423820, 7, NULL, '6767565677676567656', '招商银行', NULL, '北京市', '北京市', '', 0, 0, '18516245555', '2017-05-10 13:43:18', '2017-09-18 20:17:45');
INSERT INTO `account_bank` VALUES (49446784134520, 48956341608520, 7, NULL, '2343245434343434343', '招商银行', '', '内蒙古自治区', '通辽市', '', 0, 1, '18516241111', '2017-05-11 09:57:21', '2017-09-18 20:17:45');
INSERT INTO `account_bank` VALUES (49446916787820, 48956341608520, 7, NULL, '7876565456545656545', '招商银行', '', '河北省', '唐山市', '', 0, 1, '18516241111', '2017-05-11 10:19:28', '2017-09-18 20:17:45');
INSERT INTO `account_bank` VALUES (49447085925820, 48956341608520, 7, NULL, '9809878987898789876', '招商银行', '', '山西省', '大同市', '', 0, 1, '18516241111', '2017-05-11 10:47:39', '2017-09-18 20:17:45');
INSERT INTO `account_bank` VALUES (49447120848720, 48956341608520, 11, NULL, '8787987890987678909', '工商银行', '', '北京市', '北京市', '', 0, 1, '18516241111', '2017-05-11 10:53:28', '2017-09-18 20:17:45');
INSERT INTO `account_bank` VALUES (49447995328220, 48876441690320, 11, NULL, '6765676565656545456', '工商银行', '', '北京市', '北京市', '', 0, 1, '17000000000', '2017-05-11 13:19:13', '2017-09-18 20:17:45');
INSERT INTO `account_bank` VALUES (49448271496820, 48971829462620, 6, NULL, '6767678989898978787', '中信银行', '', '北京市', '北京市', '', 0, 1, '18516243333', '2017-05-11 14:05:15', '2017-09-18 20:17:45');
INSERT INTO `account_bank` VALUES (49456806184320, 48971829462620, 11, NULL, '7878787878786767676', '工商银行', '', '北京市', '北京市', '', 0, 1, '18516243333', '2017-05-12 13:47:42', '2017-09-18 20:17:45');
INSERT INTO `account_bank` VALUES (49481276343520, 48971829462620, 11, NULL, '4545676765654545567', '工商银行', '', '天津市', '天津市', '', 0, 1, '18516243333', '2017-05-15 09:46:03', '2017-09-18 20:17:45');
INSERT INTO `account_bank` VALUES (49482959323220, 48971829462620, 7, NULL, '3536545654565456543', '招商银行', '', '河北省', '秦皇岛市', '', 0, 1, '18516243333', '2017-05-15 14:26:33', '2017-09-18 20:17:45');
INSERT INTO `account_bank` VALUES (49483067537620, 48971829462620, 7, NULL, '8787876767565654565', '招商银行', '', '山西省', '长治市', '', 0, 1, '18516243333', '2017-05-15 14:44:35', '2017-09-18 20:17:45');
INSERT INTO `account_bank` VALUES (49489962609320, 48971829462620, 11, NULL, '2343567687654565', '工商银行', NULL, '北京市', '北京市', '', 0, 1, '18516243333', '2017-05-16 09:53:46', '2017-09-18 20:17:45');
INSERT INTO `account_bank` VALUES (49489966954920, 48971829462620, 5, NULL, '5654565656565456567', '兴业银行', NULL, '北京市', '北京市', '', 0, 1, '18516243333', '2017-05-16 09:54:30', '2017-09-18 20:17:45');
INSERT INTO `account_bank` VALUES (49489980252020, 48971829462620, 3, NULL, '8989876765457687988', '中国银行', NULL, '北京市', '北京市', '', 0, 1, '18516243333', '2017-05-16 09:56:43', '2017-09-18 20:17:45');
INSERT INTO `account_bank` VALUES (49490549168220, 48971829462620, 11, NULL, '2344577767675676', '工商银行', NULL, '北京市', '北京市', '', 0, 1, '18516243333', '2017-05-16 11:31:32', '2017-09-18 20:17:45');
INSERT INTO `account_bank` VALUES (49490552594520, 48971829462620, 5, NULL, '3232123212321234321', '兴业银行', NULL, '北京市', '北京市', '', 0, 1, '18516243333', '2017-05-16 11:32:06', '2017-09-18 20:17:45');
INSERT INTO `account_bank` VALUES (49493406243120, 48971829462620, 11, NULL, '2111323455534545345', '工商银行', '', '天津市', '天津市', '', 0, 1, '18516243333', '2017-05-16 19:27:42', '2017-09-18 20:17:45');
INSERT INTO `account_bank` VALUES (49493683440120, 48971829462620, 11, NULL, '3434343445454545434', '工商银行', NULL, '北京市', '北京市', '', 0, 1, '18516243333', '2017-05-16 20:13:54', '2017-09-18 20:17:45');
INSERT INTO `account_bank` VALUES (49500639102820, 49500566610520, 11, NULL, '3434342434342323', '工商银行', '', '北京市', '北京市', '', 0, 1, '18611111111', '2017-05-17 15:33:11', '2017-09-18 20:17:45');
INSERT INTO `account_bank` VALUES (49500781461720, 49500566610520, 7, NULL, '2323454556564545654', '招商银行', '', '天津市', '天津市', '', 0, 0, '18611111111', '2017-05-17 15:56:55', '2017-09-18 20:17:45');
INSERT INTO `account_bank` VALUES (49500904230420, 49500585277120, 11, NULL, '8989878789878987897', '工商银行', NULL, '北京市', '北京市', '', 0, 1, '18611111112', '2017-05-17 16:17:22', '2017-09-18 20:17:45');
INSERT INTO `account_bank` VALUES (49501495621620, 49500585277120, 11, NULL, '6767545454545656', '工商银行', '', '北京市', '北京市', '', 0, 1, '18611111112', '2017-05-17 17:55:56', '2017-09-18 20:17:45');
INSERT INTO `account_bank` VALUES (49507129274720, 49500585277120, 5, NULL, '3434545434343454565', '兴业银行', NULL, '北京市', '北京市', '', 0, 1, '18611111112', '2017-05-18 09:34:53', '2017-09-18 20:17:45');
INSERT INTO `account_bank` VALUES (49507138398320, 49500585277120, 11, NULL, '6111111111111111', '工商银行', NULL, '北京市', '北京市', '', 0, 1, '18611111112', '2017-05-18 09:36:24', '2017-09-18 20:17:45');
INSERT INTO `account_bank` VALUES (49507163355620, 46961398730409, 11, NULL, '6547111122225456', '工商银行', 'a111111', '北京市', '北京市', '', 0, 0, '18221484418', '2017-05-18 09:40:34', '2017-09-19 14:15:44');
INSERT INTO `account_bank` VALUES (49507177557620, 49500585277120, 5, NULL, '4545454534344543', '兴业银行', '', '河北省', '邯郸市', '', 0, 0, '18611111112', '2017-05-18 09:42:56', '2017-09-18 20:17:45');
INSERT INTO `account_bank` VALUES (49507351267620, 48427510214620, 7, NULL, '1234567890123457', '招商银行', NULL, '北京市', '北京市', '', 0, 0, '13511111118', '2017-05-18 10:11:53', '2017-09-18 20:17:45');
INSERT INTO `account_bank` VALUES (49507864239020, 49507650808620, 7, NULL, '3434434334344343', '招商银行', NULL, '北京市', '北京市', '', 0, 1, '11032323232', '2017-05-18 11:37:22', '2017-09-18 20:17:45');
INSERT INTO `account_bank` VALUES (49508544655220, 49507650808620, 7, NULL, '4545454545454545', '招商银行', '', '山西省', '长治市', '', 0, 1, '11032323232', '2017-05-18 13:30:47', '2017-09-18 20:17:45');
INSERT INTO `account_bank` VALUES (49559435815120, 49553698057520, 11, NULL, '6512558025588366999', '工商银行', NULL, '北京市', '北京市', '', 0, 1, '17088889998', '2017-05-24 10:52:38', '2017-09-18 20:17:45');
INSERT INTO `account_bank` VALUES (49559443933620, 49553698057520, 11, NULL, '6852585258852588888', '工商银行', NULL, '天津市', '天津市', '', 0, 0, '17088889998', '2017-05-24 10:53:59', '2017-09-18 20:17:45');
INSERT INTO `account_bank` VALUES (49576297423520, 49576288204620, 11, NULL, '3456765565765676', '工商银行', NULL, '北京市', '北京市', '', 0, 0, '13511111119', '2017-05-26 09:42:54', '2017-09-18 20:17:45');
INSERT INTO `account_bank` VALUES (49622427873720, 49258883121320, 7, NULL, '6222322345512423233', '招商银行', '', '北京市', '北京市', '', 0, 0, '18000000003', '2017-05-31 17:51:19', '2017-09-18 20:17:45');
INSERT INTO `account_bank` VALUES (49630747472820, 49319248099320, 5, NULL, '4333232344412323122', '兴业银行', '', '北京市', '北京市', '', 0, 0, '18000000008', '2017-06-01 16:57:55', '2017-09-18 20:17:45');
INSERT INTO `account_bank` VALUES (49664242239520, 49637172443220, 4, NULL, '4332312333234342119', '光大银行', '', '北京市', '北京市', '', 0, 0, '18000000009', '2017-06-05 14:00:22', '2017-09-18 20:17:45');
INSERT INTO `account_bank` VALUES (49665609626520, 49665602121520, 4, NULL, '3222543455534534233', '光大银行', '', '北京市', '北京市', '', 0, 0, '18000000015', '2017-06-05 17:48:16', '2017-09-18 20:17:45');
INSERT INTO `account_bank` VALUES (49671860593120, 49671461843620, 4, NULL, '4555432344412323233', '光大银行', '', '北京市', '北京市', '', 0, 0, '18000000016', '2017-06-06 11:10:06', '2017-09-18 20:17:45');
INSERT INTO `account_bank` VALUES (49671916144720, 49671901173620, 4, NULL, '6555454344434545322', '光大银行', '', '北京市', '北京市', '', 0, 0, '18000000017', '2017-06-06 11:19:21', '2017-09-18 20:17:45');
INSERT INTO `account_bank` VALUES (49671927843120, 49671922225620, 4, NULL, '6555457655524577555', '光大银行', '', '天津市', '天津市', '', 0, 0, '18000000018', '2017-06-06 11:21:18', '2017-09-18 20:17:45');
INSERT INTO `account_bank` VALUES (49672966091820, 49541787048920, 10, NULL, '6676782829292922', '广东发展银行', '', '天津市', '天津市', '', 0, 0, '13511111114', '2017-06-06 14:14:21', '2017-09-18 20:17:45');
INSERT INTO `account_bank` VALUES (49680698676820, 49673183861420, 4, NULL, '6555664445665555656', '光大银行', '', '北京市', '北京市', '', 0, 0, '18000000021', '2017-06-07 11:43:07', '2017-09-18 20:17:45');
INSERT INTO `account_bank` VALUES (49681214412520, 49681206840920, 4, NULL, '6546774444444334444', '光大银行', '', '北京市', '北京市', '', 0, 0, '18000000022', '2017-06-07 13:09:04', '2017-09-18 20:17:45');
INSERT INTO `account_bank` VALUES (49681246991220, 49681230366320, 4, NULL, '5665445676443465444', '光大银行', '', '北京市', '北京市', '', 0, 0, '18000000023', '2017-06-07 13:14:30', '2017-09-18 20:17:45');
INSERT INTO `account_bank` VALUES (49688643828420, 49507653372720, 12, NULL, '7878788799008766', '浦东发展银行', '', '河北省', '秦皇岛市', '', 0, 0, '13511111112', '2017-06-08 09:47:18', '2017-09-18 20:17:45');
INSERT INTO `account_bank` VALUES (49697493649020, 49697481534820, 12, NULL, '2312232111223333', '浦东发展银行', NULL, '北京市', '北京市', '', 0, 0, '18000000080', '2017-06-09 10:22:16', '2017-09-18 20:17:45');
INSERT INTO `account_bank` VALUES (49732003144420, 49507650808620, 1, NULL, '11032323232', '建设银行', NULL, '北京市', '北京市', '', 0, 0, '11032323232', '2017-06-13 10:13:51', '2017-09-18 20:17:45');
INSERT INTO `account_bank` VALUES (49802909539420, 49802891115620, 7, NULL, '1232212332223322', '招商银行', NULL, '北京市', '北京市', '', 0, 0, '18633331121', '2017-06-21 15:11:35', '2017-09-18 20:17:45');
INSERT INTO `account_bank` VALUES (49803770409820, 49802703324320, 7, NULL, '7878767776677666', '招商银行', '', '河北省', '秦皇岛市', '', 0, 1, '18633331120', '2017-06-21 17:35:04', '2017-09-18 20:17:45');
INSERT INTO `account_bank` VALUES (49855214671420, 49432629511920, 7, NULL, '1111111111111155', '招商银行', NULL, '河南省', '郑州市', NULL, 0, 0, '18710859763', '2017-06-27 16:29:07', '2017-09-18 20:17:45');
INSERT INTO `account_bank` VALUES (49879271660720, 49802703324320, 7, NULL, '2312222332222211', '招商银行', NULL, '北京市', '北京市', '', 0, 0, '18633331120', '2017-06-30 11:18:37', '2017-09-18 20:17:45');
INSERT INTO `account_bank` VALUES (49881522773620, 49881517134220, 7, NULL, '2332222289998889', '招商银行', NULL, '北京市', '北京市', '', 0, 1, '18633331127', '2017-06-30 17:33:48', '2017-09-18 20:17:45');
INSERT INTO `account_bank` VALUES (49881670232820, 49881517134220, 11, NULL, '3636236523652365', '工商银行', NULL, '北京市', '北京市', '', 0, 1, '18633331127', '2017-06-30 17:58:22', '2017-09-18 20:17:45');
INSERT INTO `account_bank` VALUES (49881740347520, 49881517134220, 11, NULL, '2323565623636253', '工商银行', NULL, '北京市', '北京市', '', 0, 0, '18633331127', '2017-06-30 18:10:03', '2017-09-18 20:17:45');
INSERT INTO `account_bank` VALUES (49881762628920, 49881756795920, 2, NULL, '6936965889665883', '农业银行', NULL, '北京市', '北京市', '', 0, 0, '18633331128', '2017-06-30 18:13:46', '2017-09-18 20:17:45');
INSERT INTO `account_bank` VALUES (49881885319720, 49881414983520, 11, NULL, '6768898766567778', '工商银行', '', '北京市', '北京市', '', 0, 0, '18633331126', '2017-06-30 18:34:13', '2017-09-18 20:17:45');
INSERT INTO `account_bank` VALUES (49881908907220, 49881900913420, 11, NULL, '6767898878988787', '工商银行', '', '北京市', '北京市', '', 0, 0, '18633331129', '2017-06-30 18:38:09', '2017-09-18 20:17:45');
INSERT INTO `account_bank` VALUES (49907408145220, 49907396757520, 11, NULL, '2366336633558665', '工商银行', NULL, '北京市', '北京市', '', 0, 0, '18633331130', '2017-07-03 17:28:01', '2017-09-18 20:17:45');
INSERT INTO `account_bank` VALUES (49923926505620, 49740673381620, 11, NULL, '1212232323122343', '工商银行', NULL, '北京市', '北京市', '', 0, 1, '18633331113', '2017-07-05 15:21:05', '2017-09-18 20:17:45');
INSERT INTO `account_bank` VALUES (49973856424020, 49968065216520, 2, NULL, '5677665444556665', '农业银行', '', '北京市', '北京市', '', 0, 0, '18633331131', '2017-07-11 10:02:44', '2017-09-18 20:17:45');
INSERT INTO `account_bank` VALUES (49983930980420, 49983892868620, 2, NULL, '3434555456776788', '农业银行', NULL, '北京市', '北京市', '', 0, 0, '18633331133', '2017-07-12 14:01:50', '2017-09-18 20:17:45');
INSERT INTO `account_bank` VALUES (49994853686520, 49994386644320, 2, NULL, '5655776654566655', '农业银行', '', '北京市', '北京市', '', 0, 0, '18633331141', '2017-07-13 20:22:17', '2017-09-18 20:17:45');
INSERT INTO `account_bank` VALUES (49999731989020, 46961398730409, 2, NULL, '1213456533245786', '农业银行', '', '天津市', '天津市', '', 0, 1, '18221484418', '2017-07-14 09:55:20', '2017-09-18 20:17:45');
INSERT INTO `account_bank` VALUES (50000042998420, 50000037725020, 11, NULL, '2232222222222213', '工商银行', '', '北京市', '北京市', '', 0, 0, '18633331142', '2017-07-14 10:47:10', '2017-09-18 20:17:45');
INSERT INTO `account_bank` VALUES (50001023487020, 49740673311420, 11, NULL, '2882873738393222', '工商银行', '', '北京市', '北京市', '', 0, 1, '18633331112', '2017-07-14 13:30:35', '2017-09-18 20:17:45');
INSERT INTO `account_bank` VALUES (50026860102020, 50026847533920, 4, NULL, '8998878888898789', '光大银行', '', '北京市', '北京市', '', 0, 0, '18633331144', '2017-07-17 13:16:41', '2017-09-18 20:17:45');
INSERT INTO `account_bank` VALUES (50054299915420, 49673141196520, 36, NULL, '2333212344423423211', '广州银行', '上海东方支行', '天津市', '天津市', '上海市', 0, 1, '18000000020', '2017-07-20 17:29:59', '2017-09-18 20:17:45');
INSERT INTO `account_bank` VALUES (50087461811020, 49578207275520, 11, NULL, '45845584558885582', '工商银行', '', '河北省', '唐山市', '', 0, 1, '13017294194', '2017-07-24 13:36:58', '2017-09-04 16:40:19');
INSERT INTO `account_bank` VALUES (50087865513120, 49740673436220, 4, NULL, '45525555525558555', '光大银行', '了咯了', '北京市', '北京市', '', 0, 0, '18633331114', '2017-07-24 14:44:15', '2017-09-18 20:17:45');
INSERT INTO `account_bank` VALUES (50104891377120, 49802374917920, 11, NULL, '4679461956595619537963', '工商银行', '上海分行东方支行', '上海市', '上海市', '', 0, 1, '18633331118', '2017-07-26 14:01:54', '2017-09-18 20:17:45');
INSERT INTO `account_bank` VALUES (50113872053320, 50105517858720, 11, NULL, '6222222342454575', '工商银行', NULL, '广东省', '东莞市', '', 0, 0, '18655533322', '2017-07-27 14:58:41', '2017-09-18 20:17:45');
INSERT INTO `account_bank` VALUES (50121966414520, 49740667767120, 11, NULL, '6598392636593494', '工商银行', 'niworekong', '北京市', '北京市', '', 0, 0, '18633331111', '2017-07-28 13:27:44', NULL);
INSERT INTO `account_bank` VALUES (50148185710420, 49740673311420, 11, NULL, '6369325563693228', '工商银行', 'gendhang', '北京市', '北京市', '', 0, 1, '18633331112', '2017-07-31 14:17:37', '2017-08-02 16:07:35');
INSERT INTO `account_bank` VALUES (50148440810420, 49740673487520, 11, NULL, '9766794648434434', '工商银行', 'ssssssss', '北京市', '北京市', '', 0, 0, '18633331115', '2017-07-31 15:00:08', NULL);
INSERT INTO `account_bank` VALUES (50149069110220, 49802406707120, 11, NULL, '5866965586693355', '工商银行', 'jkiuhh', '北京市', '北京市', '', 0, 0, '18633331119', '2017-07-31 16:44:51', NULL);
INSERT INTO `account_bank` VALUES (50149225257320, 50149210291320, 11, NULL, '3838748494058746388390', '工商银行', '上海分行东方支行', '上海市', '上海市', '', 0, 0, '18633331154', '2017-07-31 17:10:53', NULL);
INSERT INTO `account_bank` VALUES (50149398060420, 49802374917920, 11, NULL, '5677897765443345', '工商银行', 'ghhjj', '北京市', '北京市', '', 0, 0, '18633331118', '2017-07-31 17:39:41', NULL);
INSERT INTO `account_bank` VALUES (50156915910220, 50156857974520, 11, NULL, '7976846543482245538953', '工商银行', '上海分行东方支行', '北京市', '北京市', '', 0, 0, '18633331155', '2017-08-01 14:32:39', NULL);
INSERT INTO `account_bank` VALUES (50164162184920, 49803329161220, 11, NULL, '7882939383736382922498', '工商银行', '长治', '山西省', '长治市', '', 0, 0, '18633331122', '2017-08-02 10:40:22', NULL);
INSERT INTO `account_bank` VALUES (50166162265020, 49740673311420, 11, NULL, '3839493736638483737383', '工商银行', 'jdjdurjdudjdidjnfufbdusnduxhdudnfyfbdisnxufudjdudhdbbcicndjdndksmducbfidkdururjfuyrieksmmdjhfbcmfdousuehsnnxmzksoeuryrhfbnxuejdnucjendidjrufhtbfksneururitjtbtudkddj rj ndi fjr kd k n d j d j d j j d n f n x s k ks ekj d j n f d j k d k s k s nan am j fi cu c y r he b s jsi wo wo j ru ru r j f j f n c q', '河北省', '唐山市', '', 0, 0, '18633331112', '2017-08-02 16:13:43', NULL);
INSERT INTO `account_bank` VALUES (50174624962820, 50174609685720, 11, NULL, '3837469492763848599589', '工商银行', '唐山市ssqu', '河北省', '唐山市', '', 0, 0, '18633331157', '2017-08-03 15:44:10', NULL);
INSERT INTO `account_bank` VALUES (50174761100020, 50174684345420, 11, NULL, '4847574939475738394747', '工商银行', '北京海淀区', '北京市', '北京市', '', 0, 0, '18633331158', '2017-08-03 16:06:51', NULL);
INSERT INTO `account_bank` VALUES (50175254435120, 50175246467220, 11, NULL, '11000000001', '工商银行', 'esss', '北京市', '北京市', '', 0, 0, '11000000001', '2017-08-03 17:29:04', '2017-09-18 20:17:45');
INSERT INTO `account_bank` VALUES (50226300341920, 50114773885820, 11, NULL, '1546749535623595', '工商银行', 'ss', '北京市', '北京市', '', 0, 0, '18633331150', '2017-08-09 15:16:43', NULL);
INSERT INTO `account_bank` VALUES (50269026132420, 46466289253409, 13, NULL, '6215655558789555566', '平安银行', NULL, '山西省', '太原市', NULL, 0, 1, '18702141422', '2017-08-14 13:57:41', '2017-09-18 20:17:45');
INSERT INTO `account_bank` VALUES (50269529351520, 50174978574320, 9, NULL, '6666555562258525668', '民生银行', '上海', '北京市', '北京市', NULL, 0, 0, '18633331160', '2017-08-14 15:21:34', '2017-09-20 18:00:41');
INSERT INTO `account_bank` VALUES (50302354129520, 49881048592020, 11, NULL, '986679535929289565', '工商银行', '北京朝阳分行', '北京市', '北京市', '', 0, 0, '18633331123', '2017-08-18 10:32:21', NULL);
INSERT INTO `account_bank` VALUES (50330101187620, 49578207275520, 2, NULL, '622848040256489064918', '农业银行', '', '江苏省', '苏州市', '', 0, 1, '13017294194', '2017-08-21 15:36:52', '2017-09-18 20:17:45');
INSERT INTO `account_bank` VALUES (50330155286120, 49578207275520, 11, NULL, '6494994974694919964', '工商银行', '滨江', '北京市', '北京市', '', 0, 1, '13017294194', '2017-08-21 15:45:53', '2017-09-18 20:17:45');
INSERT INTO `account_bank` VALUES (50338905920520, 48876441690320, 11, NULL, '6222623500888800000', '工商银行', '省分行2', '陕西省', '西安市', '', 0, 0, '17000000000', '2017-08-22 16:04:19', '2017-09-18 20:17:45');
INSERT INTO `account_bank` VALUES (50347925514520, 50339574208120, 2, NULL, '4847585940028377492098', '农业银行', '宁波分行', '浙江省', '宁波市', '', 0, 1, '18633331170', '2017-08-23 17:07:35', '2017-08-23 17:04:52');
INSERT INTO `account_bank` VALUES (50347940098320, 50339574208120, 8, NULL, '3848759405049382764839', '交通银行', '宁波分行', '浙江省', '宁波市', '', 0, 0, '18633331170', '2017-08-23 17:10:01', NULL);
INSERT INTO `account_bank` VALUES (50388931370220, 50388702506620, 11, NULL, '963646463484659464688', '工商银行', '北京', '北京市', '北京市', '', 0, 1, '18633331178', '2017-08-28 11:01:54', '2017-09-18 20:17:45');
INSERT INTO `account_bank` VALUES (50388948154820, 50388702506620, 11, NULL, '5586932255366632', '工商银行', 'llllll', '天津市', '天津市', '', 0, 1, '18633331178', '2017-08-28 11:04:42', '2017-09-18 20:17:45');
INSERT INTO `account_bank` VALUES (50389814748120, 50388702506620, 11, NULL, '9865923495428653', '工商银行', 'ssss', '北京市', '北京市', '', 0, 0, '18633331178', '2017-08-28 13:29:07', '2017-09-18 20:17:45');
INSERT INTO `account_bank` VALUES (50389907894220, 50388552617720, 11, NULL, '8569332558285514', '工商银行', '北京', '北京市', '北京市', '', 0, 1, '18633331176', '2017-08-28 13:44:39', '2017-09-18 20:17:45');
INSERT INTO `account_bank` VALUES (50391220003420, 50391196812320, 11, NULL, '2857758599483775', '工商银行', '阳泉', '山西省', '阳泉市', '', 0, 0, '18633331184', '2017-08-28 17:23:20', NULL);
INSERT INTO `account_bank` VALUES (50397720137020, 50397707244820, 11, NULL, '7986213496693214', '工商银行', '支行', '北京市', '北京市', '', 0, 1, '18633331189', '2017-08-29 11:26:41', '2017-09-15 13:32:08');
INSERT INTO `account_bank` VALUES (50511275599920, 49578207275520, 24, NULL, '4884687674664644', '广州市农村信用合作社', '赶紧', '北京市', '北京市', '', 0, 1, '13017294194', '2017-09-11 14:52:36', '2017-09-18 20:17:45');
INSERT INTO `account_bank` VALUES (50519383179320, 50397225765120, 11, NULL, '6933258669655856', '工商银行', '上海分行东方支行', '北京市', '北京市', '', 0, 1, '18633331188', '2017-09-12 13:23:52', '2017-09-12 13:39:11');
INSERT INTO `account_bank` VALUES (50519465770620, 50397225765120, 11, NULL, '5698325863366552', '工商银行', '', '北京市', '北京市', '', 0, 1, '18633331188', '2017-09-12 13:37:38', '2017-09-12 13:40:24');
INSERT INTO `account_bank` VALUES (50519473453520, 50397225765120, 11, NULL, '15582236622145225', '工商银行', 'sss', '北京市', '北京市', '', 0, 1, '18633331188', '2017-09-12 13:38:55', '2017-09-18 20:17:45');
INSERT INTO `account_bank` VALUES (50519486546020, 50397225765120, 11, NULL, '5968351813492352', '工商银行', '@看@', '北京市', '北京市', '', 0, 1, '18633331188', '2017-09-12 13:41:05', '2017-09-18 20:17:45');
INSERT INTO `account_bank` VALUES (50519499499020, 50397225765120, 24, NULL, '9766534163261436', '广州市农村信用合作社', '@@', '北京市', '北京市', '', 0, 1, '18633331188', '2017-09-12 13:43:15', '2017-09-18 20:17:45');
INSERT INTO `account_bank` VALUES (50519542964920, 49578207275520, 11, NULL, '342324234234234234', '工商银行', '', '北京市', '北京市', '', 0, 0, '13017294194', '2017-09-12 13:50:30', '2017-09-18 20:17:45');
INSERT INTO `account_bank` VALUES (50529593323720, 50397225765120, 11, NULL, '4968619659464553', '工商银行', '', '北京市', '北京市', '', 0, 1, '18633331188', '2017-09-13 17:45:33', '2017-09-18 14:12:11');
INSERT INTO `account_bank` VALUES (50538538164620, 49673141196520, 11, NULL, '6455555555514885545', '工商银行', '在家', '内蒙古自治区', '鄂尔多斯市', '', 0, 1, '18000000020', '2017-09-14 18:36:22', '2017-09-15 13:52:51');
INSERT INTO `account_bank` VALUES (50544541989720, 49992495048120, 11, NULL, '6598664956194584665', '工商银行', '', '山西省', '大同市', '', 0, 1, '13000000000', '2017-09-15 11:17:00', '2017-09-19 10:52:29');
INSERT INTO `account_bank` VALUES (50545344801620, 50397707244820, 11, NULL, '8566633255254414', '工商银行', '1445', '北京市', '北京市', '', 0, 1, '18633331189', '2017-09-15 13:30:48', '2017-09-15 13:40:01');
INSERT INTO `account_bank` VALUES (50545415697120, 50397707244820, 11, NULL, '55626646548235846', '工商银行', '在线内', '北京市', '北京市', '', 0, 1, '18633331189', '2017-09-15 13:42:37', '2017-09-15 14:17:08');
INSERT INTO `account_bank` VALUES (50545471783420, 49673141196520, 11, NULL, '6787655556887655556', '工商银行', '在这一', '山西省', '阳泉市', '', 0, 1, '18000000020', '2017-09-15 13:51:58', '2017-09-15 14:52:31');
INSERT INTO `account_bank` VALUES (50545621040020, 50397707244820, 11, NULL, '58632214563665225', '工商银行', 'ss', '北京市', '北京市', '', 0, 1, '18633331189', '2017-09-15 14:16:50', '2017-09-15 15:44:04');
INSERT INTO `account_bank` VALUES (50545826939520, 49673141196520, 11, NULL, '2556888555685556585', '工商银行', '在家', '内蒙古自治区', '鄂尔多斯市', '', 0, 0, '18000000020', '2017-09-15 14:51:09', '2017-09-15 16:29:52');
INSERT INTO `account_bank` VALUES (50546136501120, 50397707244820, 11, NULL, '88556932221475526', '工商银行', '上海分行东方支行', '北京市', '北京市', '', 0, 0, '18633331189', '2017-09-15 15:42:45', '2017-09-15 18:09:32');
INSERT INTO `account_bank` VALUES (50571560505120, 50397225765120, 11, NULL, '2555555563666522', '工商银行', '', '山西省', '长治市', '', 0, 1, '18633331188', '2017-09-18 14:20:05', '2017-09-18 16:16:51');
INSERT INTO `account_bank` VALUES (50572267966820, 50397225765120, 11, NULL, '25523511442253365', '工商银行', 'hhh', '山西省', '阳泉市', '', 0, 1, '18633331188', '2017-09-18 16:18:00', '2017-09-20 15:19:17');
INSERT INTO `account_bank` VALUES (50572767067920, 50572334473920, 11, NULL, '58854122698502447', '工商银行', 'pss', '河北省', '秦皇岛市', '', 0, 0, '18633331190', '2017-09-18 17:41:11', '2017-09-19 15:00:35');
INSERT INTO `account_bank` VALUES (50573881993820, 50573871970220, 11, NULL, '59659431694356164', '工商银行', 'ss', '北京市', '北京市', '', 0, 0, '18633331188', '2017-09-18 20:47:00', NULL);
INSERT INTO `account_bank` VALUES (50574094990220, 50574084454420, 11, NULL, '5568314382082243', '工商银行', 'ss', '山西省', '太原市', '', 0, 1, '18633331193', '2017-09-18 21:22:30', '2017-09-20 19:03:30');
INSERT INTO `account_bank` VALUES (50589210665620, 50397225765120, 11, NULL, '96696325884422477', '工商银行', '', '北京市', '北京市', '', 0, 1, '18633331188', '2017-09-20 15:21:47', '2017-09-20 15:28:22');
INSERT INTO `account_bank` VALUES (50589299872820, 50397225765120, 11, NULL, '48588573728595737384', '工商银行', 'saa', '北京市', '北京市', '', 0, 0, '18633331188', '2017-09-20 15:36:39', '2017-09-20 16:17:11');
INSERT INTO `account_bank` VALUES (50589608922020, 50589430614020, 11, NULL, '5233665522144525', '工商银行', '', '北京市', '北京市', '', 0, 1, '18633331195', '2017-09-20 16:28:09', '2017-09-20 18:17:34');
INSERT INTO `account_bank` VALUES (50589626626320, 50589613918720, 11, NULL, '5696225541475586', '工商银行', 'saa', '北京市', '北京市', '', 0, 0, '18633331197', '2017-09-20 16:31:06', '2017-09-20 16:59:06');
INSERT INTO `account_bank` VALUES (50589951999920, 50589938580420, 11, NULL, '5464616614524515', '工商银行', '', '北京市', '北京市', '', 0, 1, '18633331200', '2017-09-20 17:25:20', '2017-09-20 17:41:25');
INSERT INTO `account_bank` VALUES (50590055987720, 50589938580420, 11, NULL, '8997644367654456', '工商银行', 'ass', '天津市', '天津市', '', 0, 0, '18633331200', '2017-09-20 17:42:40', '2017-09-20 17:48:11');
INSERT INTO `account_bank` VALUES (50590230130320, 50590205690620, 11, NULL, '5665942158424846', '工商银行', '', '北京市', '北京市', '', 0, 0, '18633331201', '2017-09-20 18:11:41', NULL);
INSERT INTO `account_bank` VALUES (50590526721720, 50589430614020, 11, NULL, '54345484840404812124', '工商银行', '东方', '内蒙古自治区', '赤峰市', '', 0, 0, '15237482733', '2017-09-20 19:01:07', NULL);
INSERT INTO `account_bank` VALUES (50591011714920, 50589479178220, 11, NULL, '6785432235677689', '工商银行', '', '北京市', '北京市', '', 0, 1, '18633331195', '2017-09-20 20:21:57', '2017-09-20 20:22:07');
INSERT INTO `account_bank` VALUES (50591027704620, 50589479178220, 11, NULL, '5885442336655258', '工商银行', '', '北京市', '北京市', '', 0, 0, '18633331195', '2017-09-20 20:24:37', NULL);
INSERT INTO `account_bank` VALUES (50615158968725, 233, 11, NULL, '5665946758424846', '测试机', NULL, '北京市', '北京市', NULL, 0, 0, '17000000000', '2017-09-23 15:26:30', '2017-11-20 16:36:05');
INSERT INTO `account_bank` VALUES (50659117360525, 50632074355125, 4, NULL, '222222222222', '光大银行', '法国的皇家奶糕和', NULL, NULL, NULL, 0, 0, '13102207152', '2017-09-28 17:32:54', '2017-09-28 17:32:54');
INSERT INTO `account_bank` VALUES (50751505691425, 1, 1, NULL, '6212262201023557228', '建设银行', '上海分行', '北京市', '北京市', NULL, 0, 1, '18221484418', '2017-10-09 10:10:57', '2017-11-20 16:43:40');
INSERT INTO `account_bank` VALUES (50751505691426, 12, 1, NULL, '6212262201023557228', '建设银行', '上海分行', '北京市', '北京市', '', 0, 0, '18221484418', '2017-10-09 10:10:57', '2017-10-11 15:02:43');
INSERT INTO `account_bank` VALUES (50751777030325, 50751725118825, 6, NULL, '666666666666', '中信银行', '快快快', NULL, NULL, NULL, 0, 0, '13102207151', '2017-10-09 10:56:10', '2017-10-09 10:56:10');
INSERT INTO `account_bank` VALUES (50753453552925, 50751410393725, 4, NULL, '2222222222222222222000', '光大银行', '3333', NULL, NULL, NULL, 0, 0, '13102207152', '2017-10-09 15:35:36', '2017-10-09 15:35:36');
INSERT INTO `account_bank` VALUES (50760074070725, 50753628466025, 1, NULL, '123568965827', '建设银行', '上海分行东方支行', NULL, NULL, NULL, 0, 0, '18633331113', '2017-10-10 09:59:01', '2017-10-10 09:59:01');
INSERT INTO `account_bank` VALUES (50778743940325, 50777748116225, 1, NULL, '756984523695', '建设银行', 'hhhh', NULL, NULL, NULL, 0, 0, '13201819682', '2017-10-12 13:50:39', '2017-10-12 13:50:39');
INSERT INTO `account_bank` VALUES (50778745264025, 50777619970725, 2, NULL, '1202578541254785369857', '农业银行', '东方支行', NULL, NULL, NULL, 0, 0, '18633331115', '2017-10-12 13:50:53', '2017-10-12 13:50:53');
INSERT INTO `account_bank` VALUES (50778806428425, 50778761636825, 5, NULL, '555555555555', '兴业银行', 'rtghtgh', '山西省', '长治市', NULL, 0, 0, '13102207152', '2017-10-12 14:01:04', '2017-10-12 14:01:04');
INSERT INTO `account_bank` VALUES (50831143721525, 50788086120025, 7, NULL, '6225882136650002', '招商银行', '上海分行东方支行', '上海市', '上海市', NULL, 0, 0, '15921956813', '2017-10-18 15:23:57', '2017-10-18 15:23:57');
INSERT INTO `account_bank` VALUES (51055626410025, 50780293421225, 3, NULL, '6252325632563256', '中国银行', '北京分行', '北京市', '北京市', NULL, 0, 0, '18633331116', '2017-11-13 14:57:44', '2017-11-13 14:57:44');
INSERT INTO `account_bank` VALUES (51116755232925, 1, 11, NULL, '5665946758424846', '测试机', '测试', '北京', '背景', NULL, 0, 0, '17000000001', '2017-11-20 16:45:52', '2017-11-20 16:56:24');
COMMIT;

-- ----------------------------
-- Table structure for assetsiorecords
-- ----------------------------
DROP TABLE IF EXISTS `assetsiorecords`;
CREATE TABLE `assetsiorecords` (
  `id` bigint(11) NOT NULL COMMENT '主键ID',
  `account_id` bigint(11) DEFAULT NULL COMMENT '所属用户ID',
  `cashFlowTypeID` bigint(11) DEFAULT NULL COMMENT '资金明细类型ID',
  `cashFlowSourceID` bigint(11) DEFAULT NULL COMMENT '资金明细来源ID',
  `recordTime` timestamp NOT NULL DEFAULT CURRENT_TIMESTAMP COMMENT '发生时间',
  `io_type` varchar(50) DEFAULT NULL COMMENT '类型',
  `io_type_id` bigint(11) DEFAULT NULL COMMENT '类型',
  `amount` decimal(18,2) DEFAULT '0.00' COMMENT '发生金额',
  `balance` decimal(18,2) DEFAULT '0.00' COMMENT '当时帐户余额',
  `remark` varchar(500) DEFAULT NULL,
  PRIMARY KEY (`id`),
  KEY `recordTime` (`recordTime`),
  KEY `accountId` (`account_id`),
  KEY `ioTypeId` (`io_type_id`),
  KEY `assetsiorecords_index_cashFlowSourceID` (`cashFlowSourceID`)
) ENGINE=InnoDB DEFAULT CHARSET=utf8 COMMENT='资金流水表';

-- ----------------------------
-- Records of assetsiorecords
-- ----------------------------
BEGIN;
INSERT INTO `assetsiorecords` VALUES (48850823232221, 233, NULL, 48850798218221, '2017-03-03 10:30:32', NULL, 201020, 5000.00, 5000.00, NULL);
INSERT INTO `assetsiorecords` VALUES (48852886953021, 47737705383420, NULL, 48852885249821, '2017-03-03 16:14:30', NULL, 201020, 50000.00, 50000.00, NULL);
INSERT INTO `assetsiorecords` VALUES (48852917308521, 48852466086920, NULL, 48852916351321, '2017-03-03 16:19:33', NULL, 201020, 50000.00, 50000.00, NULL);
INSERT INTO `assetsiorecords` VALUES (50632832833425, 233, NULL, 50632830988825, '2017-09-25 16:32:15', '提款取出', NULL, -100.00, NULL, '提款取出');
INSERT INTO `assetsiorecords` VALUES (50639039079825, 233, NULL, 50639039050125, '2017-09-26 09:46:31', '提款取出', NULL, -100.01, NULL, '提款取出');
INSERT INTO `assetsiorecords` VALUES (50666592618525, 50632074355125, NULL, 50666592614525, '2017-09-29 14:18:46', '提款取出', NULL, -100.00, NULL, '提款取出');
INSERT INTO `assetsiorecords` VALUES (50666603914925, 50632074355125, NULL, 50666603912025, '2017-09-29 14:20:39', '提款取出', NULL, -155.00, NULL, '提款取出');
INSERT INTO `assetsiorecords` VALUES (50668162587125, 50632074355125, NULL, 50668162581525, '2017-09-29 18:40:26', '提款取出', NULL, -100.00, NULL, '提款取出');
INSERT INTO `assetsiorecords` VALUES (50753505987025, 50751530659325, NULL, 50753505983125, '2017-10-09 15:44:20', '提款取出', NULL, -300.00, NULL, '提款取出');
INSERT INTO `assetsiorecords` VALUES (50753507507525, 50751530659325, NULL, 50753507503925, '2017-10-09 15:44:35', '提款取出', NULL, -29700.00, NULL, '提款取出');
INSERT INTO `assetsiorecords` VALUES (50753513440525, 50751530659325, NULL, 50753513437125, '2017-10-09 15:45:34', '提款取出', NULL, -200.00, NULL, '提款取出');
INSERT INTO `assetsiorecords` VALUES (50753513470525, 50751530659325, NULL, 50753513467025, '2017-10-09 15:45:35', '提款取出', NULL, -200.00, NULL, '提款取出');
INSERT INTO `assetsiorecords` VALUES (50753751564525, 233, NULL, 50753748956825, '2017-10-09 16:25:16', '充值存入', NULL, 100.01, NULL, '');
INSERT INTO `assetsiorecords` VALUES (50754524524125, 233, NULL, 50754524489725, '2017-10-09 18:34:05', '购买金币', NULL, 10.00, NULL, '');
INSERT INTO `assetsiorecords` VALUES (50754549782825, 233, NULL, 50754549719525, '2017-10-09 18:38:18', '购买商品', NULL, 40.00, NULL, '');
INSERT INTO `assetsiorecords` VALUES (50754563158625, 233, NULL, 50754563131325, '2017-10-09 18:40:32', '购买商品', NULL, 50.00, NULL, '');
INSERT INTO `assetsiorecords` VALUES (50754577653625, 233, NULL, 50754577609925, '2017-10-09 18:42:57', '购买商品', NULL, 70.00, NULL, '');
INSERT INTO `assetsiorecords` VALUES (50754581625225, 233, NULL, 50754581601725, '2017-10-09 18:43:36', '购买商品', NULL, 70.00, NULL, '');
INSERT INTO `assetsiorecords` VALUES (50754596093725, 233, NULL, 50754596061225, '2017-10-09 18:46:01', '购买商品', NULL, 70.00, NULL, '');
INSERT INTO `assetsiorecords` VALUES (50754599173225, 233, NULL, 50754599146025, '2017-10-09 18:46:32', '购买商品', NULL, 930.00, NULL, '');
INSERT INTO `assetsiorecords` VALUES (50754638439225, 233, NULL, 50754638414725, '2017-10-09 18:53:04', '购买商品', NULL, 10.00, NULL, NULL);
INSERT INTO `assetsiorecords` VALUES (50754646595725, 233, NULL, 50754646569325, '2017-10-09 18:54:26', '购买商品', 204001, 10.00, NULL, NULL);
INSERT INTO `assetsiorecords` VALUES (50754676891625, 233, NULL, 50754676865125, '2017-10-09 18:59:29', '购买商品', 204001, 20.00, 8590.00, NULL);
INSERT INTO `assetsiorecords` VALUES (50754766574825, 233, NULL, 50754766549025, '2017-10-09 19:14:26', '购买商品', 204001, 1010.00, 7580.00, NULL);
INSERT INTO `assetsiorecords` VALUES (50759936219525, 1, NULL, 50759936212025, '2017-10-10 09:36:02', '购买商品', 204001, 20.00, 9980.00, NULL);
INSERT INTO `assetsiorecords` VALUES (50760103077825, 50753628466025, NULL, 50760103069525, '2017-10-10 10:03:51', '购买商品', 204001, 20.00, 80.00, NULL);
INSERT INTO `assetsiorecords` VALUES (50760512339825, 50753628466025, NULL, 50760512329325, '2017-10-10 11:12:03', '提款取出', NULL, -80.00, NULL, '提款取出');
INSERT INTO `assetsiorecords` VALUES (50760515580425, 50632074355125, NULL, 50760515577925, '2017-10-10 11:12:36', '提款取出', NULL, -100.00, NULL, '提款取出');
INSERT INTO `assetsiorecords` VALUES (50761357868325, 50753628466025, NULL, 50761357865225, '2017-10-10 13:32:59', '提款取出', 200002, -50000.00, 50000.00, '提款取出');
INSERT INTO `assetsiorecords` VALUES (50761368899825, 50753628466025, NULL, 50761368897125, '2017-10-10 13:34:49', '提款取出', 200002, -110.00, 10.00, '提款取出');
INSERT INTO `assetsiorecords` VALUES (50761370116825, 50753628466025, NULL, 50761369966125, '2017-10-10 13:35:01', '提款取出', 200002, -10.00, 0.00, '提款取出');
INSERT INTO `assetsiorecords` VALUES (50761479200125, 50753628466025, NULL, 50761479197225, '2017-10-10 13:53:12', '购买商品', 204001, 20.00, 780.00, '1113');
INSERT INTO `assetsiorecords` VALUES (50761498892825, 233, NULL, 50761498865725, '2017-10-10 13:56:29', '购买商品', 204001, 1.00, 7579.00, '4556755');
INSERT INTO `assetsiorecords` VALUES (50761510478725, 233, NULL, 50761510454825, '2017-10-10 13:58:25', '购买商品', 204001, 1.00, 7578.00, '测试备注');
INSERT INTO `assetsiorecords` VALUES (50761512507125, 233, NULL, 50761512503825, '2017-10-10 13:58:45', '购买商品', 204001, 50.00, 7528.00, '测试1');
INSERT INTO `assetsiorecords` VALUES (50761640819125, 50751530659325, NULL, 50761640816625, '2017-10-10 14:20:08', '购买商品', 204001, 20.00, 29380.00, NULL);
INSERT INTO `assetsiorecords` VALUES (50768992338925, 50751530659325, NULL, 50768992335425, '2017-10-11 10:45:23', '购买商品', 204001, 10.00, 29370.00, '1112');
INSERT INTO `assetsiorecords` VALUES (50770311630825, 233, NULL, 50770311599825, '2017-10-11 14:25:16', '提款取出', NULL, -100.02, NULL, '提款取出');
INSERT INTO `assetsiorecords` VALUES (50770316223925, 233, NULL, 50770316195425, '2017-10-11 14:26:02', '提款取出', NULL, -100.02, NULL, '提款取出');
INSERT INTO `assetsiorecords` VALUES (50770508870225, 1, NULL, 50770508864725, '2017-10-11 14:58:09', '提款取出', 200002, -200.00, 9780.00, '提款取出');
INSERT INTO `assetsiorecords` VALUES (50770521676425, 1, NULL, 50770521673425, '2017-10-11 15:00:17', '提款取出', 200002, -200.00, 9580.00, '提款取出');
INSERT INTO `assetsiorecords` VALUES (50770540292525, 1, NULL, 50770540289425, '2017-10-11 15:03:23', '提款取出', 200002, -321.00, 9259.00, '提款取出');
INSERT INTO `assetsiorecords` VALUES (50770550065325, 1, NULL, 50770521673425, '2017-10-11 15:05:01', '提款撤回', 200003, 200.00, 9459.00, '提款撤回');
INSERT INTO `assetsiorecords` VALUES (50770585857225, 1, NULL, 50770585854225, '2017-10-11 15:10:59', '提款取出', 200002, -101.00, 9358.00, '提款取出');
INSERT INTO `assetsiorecords` VALUES (50770586761925, 1, NULL, 50770586758525, '2017-10-11 15:11:08', '提款取出', 200002, -101.00, 9257.00, '提款取出');
INSERT INTO `assetsiorecords` VALUES (50770598142925, 1, NULL, 50770586758525, '2017-10-11 15:13:01', '提款撤回', 200003, 101.00, 9358.00, '提款撤回');
INSERT INTO `assetsiorecords` VALUES (50770677894025, 1, NULL, 50770677848825, '2017-10-11 15:26:19', '提款取出', 200002, -109.00, 9249.00, '提款取出');
INSERT INTO `assetsiorecords` VALUES (50770679749825, 233, NULL, 50770679720725, '2017-10-11 15:26:37', '提款取出', 200002, -100.02, 7227.94, '提款取出');
INSERT INTO `assetsiorecords` VALUES (50770680090725, 1, NULL, 50770680087825, '2017-10-11 15:26:41', '提款取出', 200002, -500.00, 8749.00, '提款取出');
INSERT INTO `assetsiorecords` VALUES (50770682226625, 233, NULL, 50770679720725, '2017-10-11 15:27:02', '提款撤回', 200003, 100.02, 7327.96, '提款撤回');
INSERT INTO `assetsiorecords` VALUES (50770694457525, 1, NULL, 50770680087825, '2017-10-11 15:29:05', '提款撤回', 200003, 500.00, 9249.00, '提款撤回');
INSERT INTO `assetsiorecords` VALUES (50770771457125, 1, NULL, 50770771454225, '2017-10-11 15:41:55', '提款取出', 200002, -501.00, 8748.00, '提款取出');
INSERT INTO `assetsiorecords` VALUES (50770772427425, 1, NULL, 50770772424625, '2017-10-11 15:42:04', '提款取出', 200002, -501.00, 8247.00, '提款取出');
INSERT INTO `assetsiorecords` VALUES (50770786854625, 1, NULL, 50770786851825, '2017-10-11 15:44:29', '提款取出', 200002, -109.00, 8138.00, '提款取出');
INSERT INTO `assetsiorecords` VALUES (50770844800825, 1, NULL, 50770844798525, '2017-10-11 15:54:08', '提款取出', 200002, -100.00, 8038.00, '提款取出');
INSERT INTO `assetsiorecords` VALUES (50770863268025, 1, NULL, 50770863263525, '2017-10-11 15:57:13', '提款取出', 200002, -100.00, 7938.00, '提款取出');
INSERT INTO `assetsiorecords` VALUES (50770897330725, 1, NULL, 50770897325425, '2017-10-11 16:02:53', '提款取出', 200002, -200.00, 7738.00, '提款取出');
INSERT INTO `assetsiorecords` VALUES (50771031701825, 233, NULL, 50771031640425, '2017-10-11 16:25:17', '提款取出', 200002, -100.05, 7227.91, '提款取出');
INSERT INTO `assetsiorecords` VALUES (50771032972525, 233, NULL, 50771032887025, '2017-10-11 16:25:30', '提款取出', 200002, -100.05, 7127.86, '提款取出');
INSERT INTO `assetsiorecords` VALUES (50771062981825, 1, NULL, 50770863263525, '2017-10-11 16:30:30', '提款撤回', 200003, 100.00, 7838.00, '提款撤回');
INSERT INTO `assetsiorecords` VALUES (50771062985025, 1, NULL, 50770844798525, '2017-10-11 16:30:30', '提款撤回', 200003, 100.00, 7938.00, '提款撤回');
INSERT INTO `assetsiorecords` VALUES (50771124445125, 233, NULL, 50771124442625, '2017-10-11 16:40:44', '提款取出', 200002, -111.11, 7016.75, '提款取出');
INSERT INTO `assetsiorecords` VALUES (50771166042025, 1, NULL, 50771166039625, '2017-10-11 16:47:40', '提款取出', 200002, -100.23, 7837.77, '提款取出');
INSERT INTO `assetsiorecords` VALUES (50771338192225, 1, NULL, 50771338189725, '2017-10-11 17:16:22', '提款取出', 200002, -203.30, 7634.47, '提款取出');
INSERT INTO `assetsiorecords` VALUES (50771745297125, 50768995012625, NULL, 50771745290025, '2017-10-11 18:24:13', '购买商品', 204001, 100.00, 1900.00, NULL);
INSERT INTO `assetsiorecords` VALUES (50771764831225, 50632074355125, NULL, 50771764827625, '2017-10-11 18:27:28', '购买商品', 204001, 100.00, 999445.00, 'qqq');
INSERT INTO `assetsiorecords` VALUES (50777608092925, 50768995012625, NULL, 50777608089325, '2017-10-12 10:41:21', '购买商品', 204001, 100.00, 1800.00, '1114');
INSERT INTO `assetsiorecords` VALUES (50777685432125, 50777619970725, NULL, 50777685429525, '2017-10-12 10:54:14', '购买商品', 204001, 100.00, 900.00, '1115');
INSERT INTO `assetsiorecords` VALUES (50778672957625, 50777619970725, NULL, 50778672954925, '2017-10-12 13:38:50', '购买商品', 204001, 10.00, 890.00, NULL);
INSERT INTO `assetsiorecords` VALUES (50780211605825, 1, NULL, 50780211604025, '2017-10-12 17:55:16', '提款取出', 200002, -288.30, 7346.17, '提款取出');
INSERT INTO `assetsiorecords` VALUES (50780214101425, 1, NULL, 50780211604025, '2017-10-12 17:55:41', '提款撤回', 200003, 288.30, 7634.47, '提款撤回');
INSERT INTO `assetsiorecords` VALUES (50780217571625, 1, NULL, 50780217569825, '2017-10-12 17:56:16', '提款取出', 200002, -233.00, 7401.47, '提款取出');
INSERT INTO `assetsiorecords` VALUES (50780300820625, 50780293421225, NULL, 50780300812825, '2017-10-12 18:10:08', '购买商品', 204001, 10.00, 990.00, NULL);
INSERT INTO `assetsiorecords` VALUES (50780305067325, 50780293421225, NULL, 50780305064225, '2017-10-12 18:10:51', '购买商品', 204001, 200.00, 790.00, NULL);
INSERT INTO `assetsiorecords` VALUES (50780307455725, 50780293421225, NULL, 50780307452625, '2017-10-12 18:11:15', '购买商品', 204001, 300.00, 490.00, NULL);
INSERT INTO `assetsiorecords` VALUES (50812028034125, 1, NULL, 50780225448025, '2017-10-16 10:18:00', '充值存入', 200001, 100.30, 7501.77, '');
INSERT INTO `assetsiorecords` VALUES (50822755417125, 1, NULL, 50822755414025, '2017-10-17 16:05:54', '购买商品', 204001, 10.00, 7491.77, NULL);
INSERT INTO `assetsiorecords` VALUES (50822830979825, 50753628466025, NULL, 50822830977525, '2017-10-17 16:18:30', '购买商品', 204001, 10.00, 770.00, NULL);
INSERT INTO `assetsiorecords` VALUES (50831153071725, 50788086120025, NULL, 50831153067225, '2017-10-18 15:25:31', '购买商品', 204001, 45.96, 954.04, '15921956813');
INSERT INTO `assetsiorecords` VALUES (50831155167825, 50788086120025, NULL, 50831155165225, '2017-10-18 15:25:52', '购买商品', 204001, 151.92, 802.12, NULL);
INSERT INTO `assetsiorecords` VALUES (51003472217834, 1, NULL, NULL, '2017-11-07 14:05:22', '商品退款', 204002, 10.00, 7491.77, '');
INSERT INTO `assetsiorecords` VALUES (51003490199334, 50753628466025, NULL, NULL, '2017-11-07 14:08:22', '商品退款', 204002, 10.00, 770.00, '');
INSERT INTO `assetsiorecords` VALUES (51003917972434, 50788086120025, NULL, NULL, '2017-11-07 15:19:40', '商品退款', 204002, 45.96, 802.12, '');
INSERT INTO `assetsiorecords` VALUES (51003959837034, 50632074355125, NULL, NULL, '2017-11-07 15:26:38', '商品退款', 204002, 9.00, 999445.00, '');
INSERT INTO `assetsiorecords` VALUES (51019470426834, 11, NULL, 51019470398734, '2017-11-09 10:31:44', '提款取出', 200002, -100.00, 9900.00, '提款取出');
INSERT INTO `assetsiorecords` VALUES (51019493678134, 11, NULL, 51019493649534, '2017-11-09 10:35:37', '提款取出', 200002, -100.00, 9800.00, '提款取出');
INSERT INTO `assetsiorecords` VALUES (51020715107534, 11, NULL, 51020715079334, '2017-11-09 13:59:11', '提款取出', 200002, -100.00, 9700.00, '提款取出');
INSERT INTO `assetsiorecords` VALUES (51021011976034, 11, NULL, 51021011933834, '2017-11-09 14:48:40', '提款取出', 200002, -100.01, 9599.99, '提款取出');
INSERT INTO `assetsiorecords` VALUES (51021026963734, 11, NULL, 51021026904334, '2017-11-09 14:51:10', '提款取出', 200002, -100.02, 9499.97, '提款取出');
INSERT INTO `assetsiorecords` VALUES (51021043565634, 11, NULL, 51021043426234, '2017-11-09 14:53:56', '提款取出', 200002, -100.03, 9399.94, '提款取出');
INSERT INTO `assetsiorecords` VALUES (51021286427934, 11, NULL, 51021286421434, '2017-11-09 15:34:24', '提款取出', 200002, -221.30, 9178.64, '提款取出');
INSERT INTO `assetsiorecords` VALUES (51021360763034, 11, NULL, 51021360753434, '2017-11-09 15:46:48', '提款取出', 200002, -111.00, 9067.64, '提款取出');
INSERT INTO `assetsiorecords` VALUES (51021466060534, 11, NULL, 51021466017034, '2017-11-09 16:04:21', '提款取出', 200002, -111.00, 8956.64, '提款取出');
INSERT INTO `assetsiorecords` VALUES (51021476382834, 11, NULL, 51021476368634, '2017-11-09 16:06:04', '提款取出', 200002, -23.00, 8933.64, '提款取出');
INSERT INTO `assetsiorecords` VALUES (51021642715034, 11, NULL, 51021642690734, '2017-11-09 16:33:47', '提款取出', 200002, -100.99, 8832.65, '提款取出');
INSERT INTO `assetsiorecords` VALUES (51021910246734, 11, NULL, 51021360753434, '2017-11-09 17:18:22', '提款撤回', 200003, 111.00, 8943.65, '提款撤回');
INSERT INTO `assetsiorecords` VALUES (51021914434334, 11, NULL, 51021914413434, '2017-11-09 17:19:04', '提款取出', 200002, -199.00, 8744.65, '提款取出');
INSERT INTO `assetsiorecords` VALUES (51021919595134, 11, NULL, 51021914413434, '2017-11-09 17:19:56', '提款撤回', 200003, 199.00, 8943.65, '提款撤回');
INSERT INTO `assetsiorecords` VALUES (51022159614134, 50788086120025, NULL, NULL, '2017-11-09 17:59:56', '商品退款', 204002, 151.92, 954.04, '');
INSERT INTO `assetsiorecords` VALUES (51022173820134, 0, NULL, NULL, '2017-11-09 18:02:18', '商品退款', 204002, 300.00, 0.00, '');
INSERT INTO `assetsiorecords` VALUES (51054165511625, 50751410393725, NULL, 51054165502325, '2017-11-13 10:54:15', '购买商品', 204001, 45.96, 954.04, '18633331111');
INSERT INTO `assetsiorecords` VALUES (51054173678625, 50751410393725, NULL, 51054173676225, '2017-11-13 10:55:37', '购买商品', 204001, 133.92, 820.12, NULL);
INSERT INTO `assetsiorecords` VALUES (51055122036134, 50751410393725, NULL, NULL, '2017-11-13 13:33:40', '平台取消订单', 204002, 45.96, 820.12, '');
INSERT INTO `assetsiorecords` VALUES (51055228734234, 12, NULL, NULL, '2017-11-13 13:51:27', '确认订单', 204004, 133.92, 133.92, '');
INSERT INTO `assetsiorecords` VALUES (51055392152625, 1, NULL, 51055392149925, '2017-11-13 14:18:42', '购买商品', 204001, 133.92, 7357.85, NULL);
INSERT INTO `assetsiorecords` VALUES (51055471934925, 1, NULL, 51055471932525, '2017-11-13 14:31:59', '购买商品', 204001, 45.96, 7311.89, NULL);
INSERT INTO `assetsiorecords` VALUES (51055472671425, 1, NULL, 51055472668825, '2017-11-13 14:32:07', '购买商品', 204001, 91.92, 7219.97, NULL);
INSERT INTO `assetsiorecords` VALUES (51055477145225, 1, NULL, 51055477140925, '2017-11-13 14:32:51', '购买商品', 204001, 133.92, 7086.05, NULL);
INSERT INTO `assetsiorecords` VALUES (51055478359225, 1, NULL, 51055478356525, '2017-11-13 14:33:04', '购买商品', 204001, 137.88, 6948.17, NULL);
INSERT INTO `assetsiorecords` VALUES (51055482578625, 1, NULL, 51055482576125, '2017-11-13 14:33:46', '购买商品', 204001, 91.92, 6856.25, NULL);
INSERT INTO `assetsiorecords` VALUES (51055483382825, 1, NULL, 51055483380225, '2017-11-13 14:33:54', '购买商品', 204001, 66.96, 6789.29, NULL);
INSERT INTO `assetsiorecords` VALUES (51055498912425, 1, NULL, 51055498909925, '2017-11-13 14:36:29', '购买商品', 204001, 200.88, 6588.41, NULL);
INSERT INTO `assetsiorecords` VALUES (51055513578725, 1, NULL, 51055513576225, '2017-11-13 14:38:56', '购买商品', 204001, 317.92, 6270.49, NULL);
INSERT INTO `assetsiorecords` VALUES (51055627944825, 50780293421225, NULL, 51055627943325, '2017-11-13 14:57:59', '提款取出', 200002, -110.00, 380.00, '提款取出');
INSERT INTO `assetsiorecords` VALUES (51055630748325, 1, NULL, 51055630741925, '2017-11-13 14:58:27', '购买商品', 204001, 66.96, 6203.53, '1111111111');
INSERT INTO `assetsiorecords` VALUES (51055643873934, 50632074355125, NULL, NULL, '2017-11-13 15:00:39', '平台取消订单', 204002, 9.00, 999454.00, '');
INSERT INTO `assetsiorecords` VALUES (51055699326225, 233, NULL, 51055699299625, '2017-11-13 15:09:53', '购买商品', 204001, 45.96, 6970.79, NULL);
INSERT INTO `assetsiorecords` VALUES (51055703225425, 233, NULL, 51055703200625, '2017-11-13 15:10:32', '购买商品', 204001, 1.00, 6969.79, NULL);
INSERT INTO `assetsiorecords` VALUES (51055786471225, 1, NULL, 51055786468825, '2017-11-13 15:24:25', '购买商品', 204001, 45.96, 6157.57, NULL);
INSERT INTO `assetsiorecords` VALUES (51056445201434, 12, NULL, 51056445191534, '2017-11-13 17:14:12', '提款取出', 200002, -12.00, 121.92, '提款取出');
INSERT INTO `assetsiorecords` VALUES (51056445408534, 12, NULL, 51056445407334, '2017-11-13 17:14:14', '提款取出', 200002, -12.00, 109.92, '提款取出');
INSERT INTO `assetsiorecords` VALUES (51056445458634, 12, NULL, 51056445457534, '2017-11-13 17:14:15', '提款取出', 200002, -12.00, 97.92, '提款取出');
INSERT INTO `assetsiorecords` VALUES (51056445478934, 12, NULL, 51056445477434, '2017-11-13 17:14:15', '提款取出', 200002, -12.00, 85.92, '提款取出');
INSERT INTO `assetsiorecords` VALUES (51056445497034, 12, NULL, 51056445495734, '2017-11-13 17:14:15', '提款取出', 200002, -12.00, 73.92, '提款取出');
INSERT INTO `assetsiorecords` VALUES (51056445515734, 12, NULL, 51056445513334, '2017-11-13 17:14:15', '提款取出', 200002, -12.00, 61.92, '提款取出');
INSERT INTO `assetsiorecords` VALUES (51056446485334, 12, NULL, 51056446483734, '2017-11-13 17:14:25', '提款取出', 200002, -10.00, 51.92, '提款取出');
INSERT INTO `assetsiorecords` VALUES (51056446570034, 12, NULL, 51056446568634, '2017-11-13 17:14:26', '提款取出', 200002, -10.00, 41.92, '提款取出');
INSERT INTO `assetsiorecords` VALUES (51056446592834, 12, NULL, 51056446590234, '2017-11-13 17:14:26', '提款取出', 200002, -10.00, 31.92, '提款取出');
INSERT INTO `assetsiorecords` VALUES (51056446612234, 12, NULL, 51056446611034, '2017-11-13 17:14:26', '提款取出', 200002, -10.00, 21.92, '提款取出');
INSERT INTO `assetsiorecords` VALUES (51056446634434, 12, NULL, 51056446633234, '2017-11-13 17:14:26', '提款取出', 200002, -10.00, 11.92, '提款取出');
INSERT INTO `assetsiorecords` VALUES (51056446655134, 12, NULL, 51056446654034, '2017-11-13 17:14:27', '提款取出', 200002, -10.00, 1.92, '提款取出');
INSERT INTO `assetsiorecords` VALUES (51056461592925, 50780293421225, NULL, 51055627943325, '2017-11-13 17:16:56', '提款撤回', 200003, 110.00, 490.00, '提款撤回');
INSERT INTO `assetsiorecords` VALUES (51056548367234, 12, NULL, 51056548365534, '2017-11-13 17:31:24', '提款取出', 200002, -13.00, 387.92, '提款取出');
INSERT INTO `assetsiorecords` VALUES (51056550636634, 12, NULL, 51056550635534, '2017-11-13 17:31:46', '提款取出', 200002, -13.00, 374.92, '提款取出');
INSERT INTO `assetsiorecords` VALUES (51056552846934, 12, NULL, 51056552845534, '2017-11-13 17:32:08', '提款取出', 200002, -13.00, 361.92, '提款取出');
INSERT INTO `assetsiorecords` VALUES (51056578644834, 12, NULL, 51056578643034, '2017-11-13 17:36:26', '提款取出', 200002, -15.00, 346.92, '提款取出');
INSERT INTO `assetsiorecords` VALUES (51056591001734, 12, NULL, 51056591000734, '2017-11-13 17:38:30', '提款取出', 200002, -16.00, 330.92, '提款取出');
INSERT INTO `assetsiorecords` VALUES (51056595260234, 12, NULL, 51056595258634, '2017-11-13 17:39:13', '提款取出', 200002, -50.00, 280.92, '提款取出');
INSERT INTO `assetsiorecords` VALUES (51056600734334, 12, NULL, 51056595258634, '2017-11-13 17:40:07', '提款撤回', 200003, 50.00, 330.92, '提款撤回');
INSERT INTO `assetsiorecords` VALUES (51056601927634, 12, NULL, 51056601926534, '2017-11-13 17:40:19', '提款取出', 200002, -10.00, 320.92, '提款取出');
INSERT INTO `assetsiorecords` VALUES (51056704523825, 50780293421225, NULL, 51056704514925, '2017-11-13 17:57:25', '购买商品', 204001, 91.92, 398.08, NULL);
INSERT INTO `assetsiorecords` VALUES (51056713325834, 12, NULL, NULL, '2017-11-13 17:58:53', '确认订单', 204004, 91.92, 412.84, '');
INSERT INTO `assetsiorecords` VALUES (51062412476925, 50780293421225, NULL, 51062412474725, '2017-11-14 09:48:45', '购买商品', 204001, 158.96, 239.12, '1116 158.96');
INSERT INTO `assetsiorecords` VALUES (51062420418634, 12, NULL, NULL, '2017-11-14 09:50:04', '确认订单', 204004, 158.96, 571.80, '');
INSERT INTO `assetsiorecords` VALUES (51062427327225, 50780293421225, NULL, 51062427325525, '2017-11-14 09:51:13', '提款取出', 200002, -111.00, 128.12, '提款取出');
INSERT INTO `assetsiorecords` VALUES (51062432488525, 50780293421225, NULL, 51062427325525, '2017-11-14 09:52:05', '提款撤回', 200003, 111.00, 239.12, '提款撤回');
INSERT INTO `assetsiorecords` VALUES (51062434121225, 50780293421225, NULL, 51062434119925, '2017-11-14 09:52:21', '提款取出', 200002, -111.00, 128.12, '提款取出');
INSERT INTO `assetsiorecords` VALUES (51062456596634, 12, NULL, 51062456593434, '2017-11-14 09:56:06', '提款取出', 200002, -110.00, 461.80, '提款取出');
INSERT INTO `assetsiorecords` VALUES (51116831281525, 1, NULL, 51116831266825, '2017-11-20 16:58:33', '提款取出', 200002, -100.00, 6057.57, '提款取出');
INSERT INTO `assetsiorecords` VALUES (51117435243034, 233, NULL, 51117109907025, '2017-11-20 18:39:12', '充值存入', 200001, 100.00, 7069.79, '');
COMMIT;

-- ----------------------------
-- Table structure for data_dictionary
-- ----------------------------
DROP TABLE IF EXISTS `data_dictionary`;
CREATE TABLE `data_dictionary` (
  `Data_Dictionary_Code` bigint(11) NOT NULL COMMENT '数据字典代码 - 该代码字段需要手工输入，不能自动生成',
  `Data_Dictionary_Name` varchar(20) DEFAULT NULL COMMENT '数据字典名称',
  `Data_Dictionary_Description` varchar(100) DEFAULT NULL COMMENT '数据字典描述',
  `Last_Update_Time` datetime DEFAULT NULL COMMENT '最后修改时间',
  `Last_Update_Person` bigint(20) DEFAULT NULL COMMENT '最后修改人',
  `Created_Time` datetime DEFAULT NULL COMMENT '创建时间',
  `Created_Person` bigint(20) DEFAULT NULL COMMENT '创建人',
  `Record_Status_ID` smallint(6) DEFAULT NULL COMMENT '记录状态编号',
  PRIMARY KEY (`Data_Dictionary_Code`)
) ENGINE=InnoDB DEFAULT CHARSET=utf8 COMMENT='数据字典';

-- ----------------------------
-- Records of data_dictionary
-- ----------------------------
BEGIN;
INSERT INTO `data_dictionary` VALUES (100, '资金流水科目', '资金流水科目', NULL, NULL, NULL, NULL, NULL);
INSERT INTO `data_dictionary` VALUES (101, '资金池通道实现', '资金池通道实现', NULL, NULL, NULL, NULL, NULL);
INSERT INTO `data_dictionary` VALUES (102, '充值类型', NULL, NULL, NULL, NULL, NULL, NULL);
INSERT INTO `data_dictionary` VALUES (103, '交易方向', NULL, NULL, NULL, NULL, NULL, NULL);
INSERT INTO `data_dictionary` VALUES (104, '持仓状态', NULL, NULL, NULL, NULL, NULL, NULL);
INSERT INTO `data_dictionary` VALUES (105, '消息类型', '消息类型', '2016-03-14 15:55:51', 1, '2016-03-14 15:55:51', 1, NULL);
INSERT INTO `data_dictionary` VALUES (106, '支付状态', '支付状态', '2016-03-16 16:17:49', NULL, '2016-03-16 16:17:52', NULL, NULL);
INSERT INTO `data_dictionary` VALUES (108, '提款状态', '提款状态', NULL, NULL, NULL, NULL, NULL);
INSERT INTO `data_dictionary` VALUES (109, '项目盈利状态', '项目盈利状态', NULL, NULL, NULL, NULL, NULL);
INSERT INTO `data_dictionary` VALUES (110, '申请状态', '申请状态', '2016-03-18 14:19:43', NULL, NULL, NULL, NULL);
INSERT INTO `data_dictionary` VALUES (111, '任务周期类型', '任务周期类型', '2016-03-18 14:16:50', 1, '2016-03-18 14:16:50', 1, NULL);
INSERT INTO `data_dictionary` VALUES (112, '性别', '性别', NULL, NULL, NULL, NULL, NULL);
INSERT INTO `data_dictionary` VALUES (113, '合约状态', '合约状态', NULL, NULL, NULL, NULL, NULL);
INSERT INTO `data_dictionary` VALUES (114, '产品类型', '产品类型', '2016-05-20 14:36:06', 1, '2016-05-20 14:36:06', 1, NULL);
INSERT INTO `data_dictionary` VALUES (115, '用户状态', '用户状态', '2016-08-19 16:18:22', 1, '2016-08-19 16:18:22', 1, NULL);
INSERT INTO `data_dictionary` VALUES (116, '婚姻状况', '用户信息婚姻状况', '2016-08-22 13:26:30', 1, '2016-08-22 13:26:30', 1, NULL);
INSERT INTO `data_dictionary` VALUES (118, '金币流水类型', '金币流水类型', '2016-08-30 15:41:43', 1, '2016-08-30 15:41:43', 1, NULL);
INSERT INTO `data_dictionary` VALUES (119, '积分流水类型', '积分流水类型', '2016-08-30 15:44:04', 1, '2016-08-30 15:44:04', 1, NULL);
INSERT INTO `data_dictionary` VALUES (121, '注册平台', '注册平台', '2016-09-21 17:18:12', 1, '2016-09-21 17:18:12', 1, NULL);
INSERT INTO `data_dictionary` VALUES (122, '录入方式', '产品信息维护录入方式字段', '2016-09-26 12:23:48', 1, '2016-09-26 12:23:48', 1, NULL);
INSERT INTO `data_dictionary` VALUES (123, '交易平台', '', '2016-09-26 14:30:35', 1, '2016-09-26 14:30:35', 1, NULL);
INSERT INTO `data_dictionary` VALUES (125, '公共是否', NULL, NULL, NULL, NULL, NULL, NULL);
INSERT INTO `data_dictionary` VALUES (126, '计息方式', NULL, NULL, NULL, NULL, NULL, NULL);
INSERT INTO `data_dictionary` VALUES (127, '到期自动延期', NULL, NULL, NULL, NULL, NULL, NULL);
INSERT INTO `data_dictionary` VALUES (128, '期限类型', NULL, NULL, NULL, NULL, NULL, NULL);
INSERT INTO `data_dictionary` VALUES (129, '自动审核', '自动审核(显示/不显示)', NULL, NULL, NULL, NULL, NULL);
INSERT INTO `data_dictionary` VALUES (130, '模板类型', NULL, NULL, NULL, NULL, NULL, NULL);
INSERT INTO `data_dictionary` VALUES (131, '处理状态', '处理中/已完成/已撤单', NULL, NULL, NULL, NULL, NULL);
INSERT INTO `data_dictionary` VALUES (132, '策略状态', '策略状态', '2016-10-09 10:48:32', NULL, NULL, NULL, NULL);
INSERT INTO `data_dictionary` VALUES (133, '保证金状态', '', '2016-10-19 14:43:22', NULL, NULL, NULL, NULL);
INSERT INTO `data_dictionary` VALUES (134, '系统任务状态', '系统任务日志中任务状态', '2016-10-19 14:38:35', 1, '2016-10-19 14:38:35', 1, NULL);
INSERT INTO `data_dictionary` VALUES (135, '利润提取状态', '', '2016-10-20 09:57:30', 1, '2016-10-20 09:57:30', 1, NULL);
INSERT INTO `data_dictionary` VALUES (136, '收费单状态', '收费单状态', NULL, NULL, NULL, NULL, NULL);
INSERT INTO `data_dictionary` VALUES (137, '收费单类型', NULL, '2016-12-12 16:34:09', NULL, '2016-12-12 16:34:14', 1, NULL);
INSERT INTO `data_dictionary` VALUES (138, '注册来源', '注册来源', '2016-12-22 16:39:54', 1, '2016-12-22 16:39:54', 1, NULL);
INSERT INTO `data_dictionary` VALUES (139, '卡券来源', '卡券来源', '2017-01-18 16:49:29', NULL, NULL, NULL, NULL);
INSERT INTO `data_dictionary` VALUES (140, '卡券类型', '卡券类型', NULL, NULL, NULL, NULL, NULL);
INSERT INTO `data_dictionary` VALUES (141, '用户类型', '用户类型', '2017-02-22 09:46:55', 1, '2017-02-22 09:47:04', 1, NULL);
INSERT INTO `data_dictionary` VALUES (142, '返佣等级分类', '返佣等级分类', NULL, NULL, NULL, NULL, NULL);
INSERT INTO `data_dictionary` VALUES (143, '留言类型', '留言类型', NULL, NULL, NULL, NULL, NULL);
INSERT INTO `data_dictionary` VALUES (144, 'app版本类型', 'app版本类型', NULL, NULL, NULL, NULL, NULL);
INSERT INTO `data_dictionary` VALUES (145, '消息发送状态', '消息发送状态', '2017-04-10 11:13:40', 1, '2017-04-10 11:13:40', 1, NULL);
INSERT INTO `data_dictionary` VALUES (146, '消息接收状态', '消息接收状态', '2017-04-10 11:14:45', 1, '2017-04-10 11:14:45', 1, NULL);
INSERT INTO `data_dictionary` VALUES (147, '消息读取状态', '消息读取状态', '2017-04-10 11:17:21', 1, '2017-04-10 11:17:21', 1, NULL);
INSERT INTO `data_dictionary` VALUES (148, '消息是否推送', '', '2017-04-10 17:49:48', 1, '2017-04-10 17:49:48', 1, NULL);
INSERT INTO `data_dictionary` VALUES (149, '消息审核状态', '消息审核状态', '2017-04-11 15:26:52', 1, '2017-04-11 15:26:52', 1, NULL);
INSERT INTO `data_dictionary` VALUES (200, ' 支付通道', '支付通道', NULL, NULL, NULL, NULL, NULL);
INSERT INTO `data_dictionary` VALUES (201, '后台菜单类型', NULL, NULL, NULL, NULL, NULL, NULL);
INSERT INTO `data_dictionary` VALUES (202, '短信通道', '短信通道', NULL, NULL, NULL, NULL, NULL);
INSERT INTO `data_dictionary` VALUES (203, '短信来源类型', '短信来源类型', NULL, NULL, NULL, NULL, NULL);
INSERT INTO `data_dictionary` VALUES (204, '订阅消息执行状态', '订阅消息执行状态', NULL, NULL, NULL, NULL, NULL);
INSERT INTO `data_dictionary` VALUES (210, '消息跳转地址', '消息跳转地址', '2017-05-08 16:16:01', 1, '2017-05-08 16:16:01', 1, NULL);
INSERT INTO `data_dictionary` VALUES (300, 'mom评级', '标记mom星级', '2016-03-16 15:01:43', 1, '2016-03-16 15:01:43', 1, NULL);
INSERT INTO `data_dictionary` VALUES (400, '任务状态', '任务状态', '2016-09-27 15:09:51', 1, '2016-09-27 15:09:51', 1, NULL);
INSERT INTO `data_dictionary` VALUES (401, '任务生效状态', '任务生效状态', '2016-09-27 15:27:49', 1, '2016-09-27 15:27:49', 1, NULL);
INSERT INTO `data_dictionary` VALUES (500, '充值提款', '充值提款类展示的资金流水', '2017-02-23 15:35:45', 1, '2017-02-23 15:35:45', 1, NULL);
INSERT INTO `data_dictionary` VALUES (501, '合约流水', '合约相关的资金流水', '2017-02-23 15:38:33', 1, '2017-02-23 15:38:33', 1, NULL);
INSERT INTO `data_dictionary` VALUES (510, '合约变化类型', '合约变化类型', '2017-03-23 12:40:06', 1, '2017-03-23 12:40:06', 1, NULL);
INSERT INTO `data_dictionary` VALUES (600, '订单状态', '订单状态', '2017-03-22 11:40:35', 1, '2017-03-22 11:40:35', 1, NULL);
INSERT INTO `data_dictionary` VALUES (700, '追加保证金', '\'0：追加保证金，1：放大合约，2：利润放大\'', '2017-03-29 13:26:37', 1, '2017-03-29 13:26:37', 1, NULL);
INSERT INTO `data_dictionary` VALUES (900, '管理费类型', '管理费类型（1：预存2日费用，4：5个交易日，5：按月收取）', '2017-05-08 15:44:51', 1, '2017-05-08 15:44:51', 1, NULL);
INSERT INTO `data_dictionary` VALUES (1000, '题目类型', '问卷题目类型', '2017-05-22 17:06:34', 1, '2017-05-22 17:06:34', 1, NULL);
INSERT INTO `data_dictionary` VALUES (1001, '问卷状态', '问卷状态', '2017-05-22 17:28:19', 1, '2017-05-22 17:28:19', 1, NULL);
INSERT INTO `data_dictionary` VALUES (1002, '触发任务类型', '\'是否为新手任务，0:新手任务,1:非新手任务,2:系统任务\'', '2017-05-26 09:51:20', 1, '2017-05-26 09:51:20', 1, NULL);
INSERT INTO `data_dictionary` VALUES (1003, '任务完成奖励类型', '\'任务完成奖励类型(0：无，1:积分，2:优惠券)\'', '2017-05-26 13:08:39', 1, '2017-05-26 13:08:39', 1, NULL);
INSERT INTO `data_dictionary` VALUES (1004, '充值记录分析', '充值记录分析', '2017-06-15 10:20:35', 1, '2017-06-15 10:20:35', 1, NULL);
INSERT INTO `data_dictionary` VALUES (1005, '用户留言状态', '0未处理，1处理中，2已处理', '2017-07-17 15:07:13', 1, '2017-07-17 15:07:13', 1, NULL);
INSERT INTO `data_dictionary` VALUES (1011, '天天盈持仓时间', '天天盈续约方式', '2017-08-11 10:38:17', 1, '2017-08-11 10:38:17', 1, NULL);
INSERT INTO `data_dictionary` VALUES (1012, '免费体验持仓时间', '免费体验持仓时间', '2017-08-11 10:41:13', 1, '2017-08-11 10:41:13', 1, NULL);
INSERT INTO `data_dictionary` VALUES (1013, '免息体验持仓时间', '免息体验持仓时间', '2017-08-11 10:41:38', 1, '2017-08-11 10:41:38', 1, NULL);
INSERT INTO `data_dictionary` VALUES (1014, '周周盈持仓时间', '周周盈持仓时间', '2017-08-11 10:42:10', 1, '2017-08-11 10:42:10', 1, NULL);
INSERT INTO `data_dictionary` VALUES (1015, '月月盈持仓时间', '月月盈持仓时间', '2017-08-11 10:43:03', 1, '2017-08-11 10:43:03', 1, NULL);
INSERT INTO `data_dictionary` VALUES (1016, '互惠盈T+4持仓时间', '互惠盈T+4持仓时间', '2017-08-11 10:43:24', 1, '2017-08-11 10:43:24', 1, NULL);
INSERT INTO `data_dictionary` VALUES (1017, '互惠盈T+1持仓时间', '互惠盈T+1持仓时间', '2017-08-11 10:43:47', 1, '2017-08-11 10:43:47', 1, NULL);
INSERT INTO `data_dictionary` VALUES (1018, '产品显示功能菜单按钮', '产品显示功能菜单按钮', '2017-09-01 10:09:29', 1, '2017-09-01 10:09:29', 1, NULL);
COMMIT;

-- ----------------------------
-- Table structure for data_dictionary_detail
-- ----------------------------
DROP TABLE IF EXISTS `data_dictionary_detail`;
CREATE TABLE `data_dictionary_detail` (
  `Data_Dictionary_Code` bigint(11) NOT NULL COMMENT '数据字典代码',
  `Data_Dictionary_Detail_Code` bigint(11) NOT NULL COMMENT '数据字典明细代码 - 该代码字段需要手工输入，不能自动生成',
  `Data_Dictionary_Detail_Name` varchar(20) DEFAULT NULL COMMENT '数据字典明细名称',
  `Data_Dictionary_Detail_Description` varchar(100) DEFAULT NULL COMMENT '数据字典明细描述',
  `Data_Dictionary_Detail_Order` tinyint(4) DEFAULT '0' COMMENT '数据字典明细排序\n            1,2,3,4,5,6 ...',
  `Last_Update_Time` datetime DEFAULT NULL COMMENT '最后修改时间',
  `Last_Update_Person` bigint(20) DEFAULT NULL COMMENT '最后修改人',
  `Created_Time` datetime DEFAULT NULL COMMENT '创建时间',
  `Created_Person` bigint(20) DEFAULT NULL COMMENT '创建人',
  `Record_Status_ID` smallint(6) DEFAULT NULL COMMENT '记录状态编号',
  PRIMARY KEY (`Data_Dictionary_Code`,`Data_Dictionary_Detail_Code`)
) ENGINE=InnoDB DEFAULT CHARSET=utf8 COMMENT='数据字典明细';

-- ----------------------------
-- Records of data_dictionary_detail
-- ----------------------------
BEGIN;
INSERT INTO `data_dictionary_detail` VALUES (0, 0, NULL, NULL, 0, NULL, NULL, NULL, NULL, NULL);
INSERT INTO `data_dictionary_detail` VALUES (100, 200001, '充值存入', '充值存入', 0, '2016-08-03 16:17:53', NULL, NULL, NULL, NULL);
INSERT INTO `data_dictionary_detail` VALUES (100, 200002, '提款取出', '提款取出', 0, '2016-08-03 16:17:56', NULL, NULL, NULL, NULL);
INSERT INTO `data_dictionary_detail` VALUES (100, 200003, '提款撤回', '提款撤回', 0, NULL, NULL, NULL, NULL, NULL);
INSERT INTO `data_dictionary_detail` VALUES (100, 200004, '充值手续费', '充值手续费', 0, NULL, NULL, NULL, NULL, NULL);
INSERT INTO `data_dictionary_detail` VALUES (100, 200005, '提款失败', '提款失败', 0, NULL, NULL, NULL, NULL, NULL);
INSERT INTO `data_dictionary_detail` VALUES (100, 201001, '配资支出', '配资支出', 0, NULL, NULL, NULL, NULL, NULL);
INSERT INTO `data_dictionary_detail` VALUES (100, 201002, '配资撤回', '配资撤回', 0, NULL, NULL, NULL, NULL, NULL);
INSERT INTO `data_dictionary_detail` VALUES (100, 201003, '投资支出', '投资支出', 0, '2016-08-03 16:18:02', NULL, NULL, NULL, NULL);
INSERT INTO `data_dictionary_detail` VALUES (100, 201004, '借出撤回', '借出撤回', 0, NULL, NULL, NULL, NULL, NULL);
INSERT INTO `data_dictionary_detail` VALUES (100, 201005, '补偿收入', '补偿收入', 0, NULL, NULL, NULL, NULL, NULL);
INSERT INTO `data_dictionary_detail` VALUES (100, 201006, '补偿支出', '补偿支出', 0, '2016-12-16 13:26:02', NULL, NULL, NULL, NULL);
INSERT INTO `data_dictionary_detail` VALUES (100, 201007, '债权转出', '债权转出', 0, '2016-08-03 16:17:53', NULL, NULL, NULL, NULL);
INSERT INTO `data_dictionary_detail` VALUES (100, 201008, '债权转入', '债权转入', 0, '2016-08-03 16:17:53', NULL, NULL, NULL, NULL);
INSERT INTO `data_dictionary_detail` VALUES (100, 201009, '利润提取', '利润提取', 0, '2016-08-03 16:17:53', NULL, NULL, NULL, NULL);
INSERT INTO `data_dictionary_detail` VALUES (100, 201010, '加保证金', '加保证金', 0, '2016-08-03 16:17:53', NULL, NULL, NULL, NULL);
INSERT INTO `data_dictionary_detail` VALUES (100, 201011, '取保证金', '取保证金', 0, '2016-08-03 16:17:53', NULL, NULL, NULL, NULL);
INSERT INTO `data_dictionary_detail` VALUES (100, 201012, '退保证金', '退保证金', 0, '2016-08-03 16:17:53', NULL, NULL, NULL, NULL);
INSERT INTO `data_dictionary_detail` VALUES (100, 201013, '加准备金', '加准备金', 0, '2016-08-03 16:17:53', NULL, NULL, NULL, NULL);
INSERT INTO `data_dictionary_detail` VALUES (100, 201014, '退准备金', '退准备金', 0, '2016-08-03 16:17:53', NULL, NULL, NULL, NULL);
INSERT INTO `data_dictionary_detail` VALUES (100, 201015, '推荐返利', '推荐返利', 0, '2016-08-03 16:17:53', NULL, NULL, NULL, NULL);
INSERT INTO `data_dictionary_detail` VALUES (100, 201016, '重复划账', '重复划账', 0, '2016-08-03 16:17:53', NULL, NULL, NULL, NULL);
INSERT INTO `data_dictionary_detail` VALUES (100, 201017, '利润分成', '利润分成', 0, '2016-08-03 16:17:53', NULL, NULL, NULL, NULL);
INSERT INTO `data_dictionary_detail` VALUES (100, 201018, '资产解冻', '资产解冻', 0, '2016-08-03 16:17:53', NULL, NULL, NULL, NULL);
INSERT INTO `data_dictionary_detail` VALUES (100, 201019, '资产冻结', '资产冻结', 0, '2016-08-03 16:17:53', NULL, NULL, NULL, NULL);
INSERT INTO `data_dictionary_detail` VALUES (100, 201020, '红冲蓝补', '红冲蓝补', 0, '2016-08-03 16:17:53', NULL, NULL, NULL, NULL);
INSERT INTO `data_dictionary_detail` VALUES (100, 201021, '退管理费', '退管理费', 0, '2016-11-18 17:55:55', NULL, NULL, NULL, NULL);
INSERT INTO `data_dictionary_detail` VALUES (100, 201022, '提取现金', '提取现金', 0, '2016-12-16 14:39:45', NULL, '2016-12-16 14:39:45', NULL, NULL);
INSERT INTO `data_dictionary_detail` VALUES (100, 202002, '利息支出', '利息支出', 0, '2016-08-03 16:17:53', NULL, NULL, NULL, NULL);
INSERT INTO `data_dictionary_detail` VALUES (100, 202003, '违约收入', '违约收入', 0, '2016-08-03 16:17:53', NULL, NULL, NULL, NULL);
INSERT INTO `data_dictionary_detail` VALUES (100, 202004, '卡券返还利息', '卡券返还利息', 0, '2016-08-03 16:17:53', NULL, NULL, NULL, NULL);
INSERT INTO `data_dictionary_detail` VALUES (100, 202005, '延期费用', NULL, 0, '2017-08-28 14:53:40', NULL, '2017-08-28 14:53:22', NULL, NULL);
INSERT INTO `data_dictionary_detail` VALUES (100, 203001, '利息收入', '利息收入', 0, '2016-08-03 16:17:53', NULL, NULL, NULL, NULL);
INSERT INTO `data_dictionary_detail` VALUES (100, 203019, '理财支出', '理财支出', 0, '2016-08-03 16:17:53', NULL, NULL, NULL, NULL);
INSERT INTO `data_dictionary_detail` VALUES (100, 203020, '理财本金退回', '理财本金退回', 0, '2016-08-03 16:17:53', NULL, NULL, NULL, NULL);
INSERT INTO `data_dictionary_detail` VALUES (100, 204001, '购买商品', '购买商品', 0, NULL, NULL, NULL, NULL, NULL);
INSERT INTO `data_dictionary_detail` VALUES (100, 204002, '平台取消订单', '平台取消订单', 0, NULL, NULL, NULL, NULL, NULL);
INSERT INTO `data_dictionary_detail` VALUES (100, 204003, '取消订单', '用户取消订单', 0, NULL, NULL, NULL, NULL, NULL);
INSERT INTO `data_dictionary_detail` VALUES (100, 204004, '确认订单', '平台确认订单', 0, NULL, NULL, NULL, NULL, NULL);
INSERT INTO `data_dictionary_detail` VALUES (101, 1, '3.0', 'niuTradePlatform', 0, NULL, NULL, NULL, NULL, NULL);
INSERT INTO `data_dictionary_detail` VALUES (102, 0, '快捷支付', '快捷支付', 1, '2017-03-17 14:21:33', NULL, NULL, NULL, NULL);
INSERT INTO `data_dictionary_detail` VALUES (102, 1, '网银支付', '网银支付', 2, '2017-03-17 14:21:29', NULL, NULL, NULL, NULL);
INSERT INTO `data_dictionary_detail` VALUES (102, 2, '支付宝支付', '支付宝支付', 3, '2017-03-17 14:21:26', NULL, NULL, NULL, NULL);
INSERT INTO `data_dictionary_detail` VALUES (102, 3, '线下打款', '线下打款', 4, NULL, NULL, NULL, NULL, NULL);
INSERT INTO `data_dictionary_detail` VALUES (102, 4, 'app支付', 'app支付', 5, NULL, NULL, NULL, NULL, NULL);
INSERT INTO `data_dictionary_detail` VALUES (102, 5, '微信支付', '微信支付', 6, NULL, NULL, NULL, NULL, NULL);
INSERT INTO `data_dictionary_detail` VALUES (103, 0, '买入', '买入', 0, NULL, NULL, NULL, NULL, NULL);
INSERT INTO `data_dictionary_detail` VALUES (103, 1, '卖出', '卖出', 0, NULL, NULL, NULL, NULL, NULL);
INSERT INTO `data_dictionary_detail` VALUES (104, 0, '已清仓', '已清仓', 0, '2017-03-17 14:24:33', NULL, NULL, NULL, NULL);
INSERT INTO `data_dictionary_detail` VALUES (104, 1, '操盘中', '操盘中', 0, NULL, NULL, NULL, NULL, NULL);
INSERT INTO `data_dictionary_detail` VALUES (105, 0, '公告消息', '站内消息(inner)', 0, '2017-04-10 11:22:43', NULL, '2016-03-14 15:56:41', NULL, NULL);
INSERT INTO `data_dictionary_detail` VALUES (105, 1, '活动精选', '订阅消息', 1, '2017-04-10 11:23:05', NULL, '2016-03-14 15:57:07', NULL, NULL);
INSERT INTO `data_dictionary_detail` VALUES (105, 2, '系统消息', '短信', 2, '2017-04-10 11:23:20', NULL, '2016-03-14 15:57:43', NULL, NULL);
INSERT INTO `data_dictionary_detail` VALUES (106, 0, '未支付', '未支付', 0, NULL, NULL, NULL, NULL, NULL);
INSERT INTO `data_dictionary_detail` VALUES (106, 1, '已支付', '已支付', 0, NULL, NULL, NULL, NULL, NULL);
INSERT INTO `data_dictionary_detail` VALUES (108, 0, '处理中', '创建', 1, '2017-08-22 15:31:37', NULL, NULL, NULL, NULL);
INSERT INTO `data_dictionary_detail` VALUES (108, 1, '已完成', '已审核', 5, '2017-08-22 15:31:27', NULL, NULL, NULL, NULL);
INSERT INTO `data_dictionary_detail` VALUES (108, 2, '已驳回', '已驳回', 2, '2017-08-15 16:02:33', NULL, NULL, NULL, NULL);
INSERT INTO `data_dictionary_detail` VALUES (108, 3, '待放款', NULL, 3, '2017-08-15 16:02:40', NULL, '2017-08-15 14:53:11', NULL, NULL);
INSERT INTO `data_dictionary_detail` VALUES (108, 4, '放款中', NULL, 4, '2017-08-15 16:02:46', NULL, '2017-08-15 14:53:32', NULL, NULL);
INSERT INTO `data_dictionary_detail` VALUES (109, 1, '盈利', '盈利', 0, NULL, NULL, NULL, NULL, NULL);
INSERT INTO `data_dictionary_detail` VALUES (109, 2, '警戒线以上未盈利', '警戒线以上未盈利', 0, NULL, NULL, NULL, NULL, NULL);
INSERT INTO `data_dictionary_detail` VALUES (109, 3, '警戒止损线之间', '警戒止损线之间', 0, NULL, NULL, NULL, NULL, NULL);
INSERT INTO `data_dictionary_detail` VALUES (109, 4, '止损平仓线之间', '止损平仓线之间', 0, NULL, NULL, NULL, NULL, NULL);
INSERT INTO `data_dictionary_detail` VALUES (110, 0, '申请中', '申请', 0, '2016-04-06 13:43:45', NULL, NULL, NULL, NULL);
INSERT INTO `data_dictionary_detail` VALUES (110, 1, '审核通过', '审核通过', 0, '2016-04-06 13:43:48', NULL, NULL, NULL, NULL);
INSERT INTO `data_dictionary_detail` VALUES (110, 2, '审核不通过', '审核不通过', 0, NULL, NULL, NULL, NULL, NULL);
INSERT INTO `data_dictionary_detail` VALUES (111, 0, '次数', '次数', 0, '2016-03-18 14:17:31', NULL, '2016-03-18 14:17:31', NULL, NULL);
INSERT INTO `data_dictionary_detail` VALUES (111, 1, '日', '日', 1, '2016-03-18 14:18:05', NULL, '2016-03-18 14:18:05', NULL, NULL);
INSERT INTO `data_dictionary_detail` VALUES (111, 2, '周', '周', 2, '2016-03-18 14:18:28', NULL, '2016-03-18 14:18:28', NULL, NULL);
INSERT INTO `data_dictionary_detail` VALUES (111, 3, '月', '月', 3, '2016-03-18 14:18:41', NULL, '2016-03-18 14:18:41', NULL, NULL);
INSERT INTO `data_dictionary_detail` VALUES (111, 4, '年', '年', 4, '2016-03-18 14:19:01', NULL, '2016-03-18 14:19:01', NULL, NULL);
INSERT INTO `data_dictionary_detail` VALUES (112, 0, '未设置', '未设置', 0, NULL, NULL, NULL, NULL, NULL);
INSERT INTO `data_dictionary_detail` VALUES (112, 1, '男', '男', 0, NULL, NULL, NULL, NULL, NULL);
INSERT INTO `data_dictionary_detail` VALUES (112, 2, '女', '女', 0, NULL, NULL, NULL, NULL, NULL);
INSERT INTO `data_dictionary_detail` VALUES (113, 0, '申请中', '投资中', 0, NULL, NULL, NULL, NULL, NULL);
INSERT INTO `data_dictionary_detail` VALUES (113, 1, '已审核', '操盘中', 0, NULL, NULL, NULL, NULL, NULL);
INSERT INTO `data_dictionary_detail` VALUES (113, 2, '操盘中', '停牌中', 0, NULL, NULL, NULL, NULL, NULL);
INSERT INTO `data_dictionary_detail` VALUES (113, 3, '待结算', '已还款', 0, NULL, NULL, NULL, NULL, NULL);
INSERT INTO `data_dictionary_detail` VALUES (113, 4, '停牌中', '停牌中', 0, NULL, NULL, NULL, NULL, NULL);
INSERT INTO `data_dictionary_detail` VALUES (113, 5, '已结束', '已结算', 0, '2017-05-15 14:35:53', NULL, NULL, NULL, NULL);
INSERT INTO `data_dictionary_detail` VALUES (114, 1, '股票交易', '', 2, '2016-05-20 14:40:11', NULL, '2016-05-20 14:40:11', NULL, NULL);
INSERT INTO `data_dictionary_detail` VALUES (114, 2, '新手体验', '', 3, '2017-03-21 14:39:58', NULL, '2016-05-20 14:40:32', NULL, NULL);
INSERT INTO `data_dictionary_detail` VALUES (114, 3, '中间产品', NULL, 4, '2017-04-14 14:44:21', NULL, '2017-04-14 14:44:21', NULL, NULL);
INSERT INTO `data_dictionary_detail` VALUES (114, 4, '免息分成产品', NULL, 5, '2017-07-06 15:39:29', NULL, '2017-07-06 15:39:29', NULL, NULL);
INSERT INTO `data_dictionary_detail` VALUES (115, 0, '正常', '正常', 1, '2017-03-10 11:46:36', NULL, '2016-08-19 16:19:12', NULL, NULL);
INSERT INTO `data_dictionary_detail` VALUES (115, 2, '锁定提款', '锁定提款', 2, '2016-08-19 16:19:30', NULL, '2016-08-19 16:19:30', NULL, NULL);
INSERT INTO `data_dictionary_detail` VALUES (116, 0, '未填写', '婚姻状况未填写', 1, '2016-08-22 13:29:19', NULL, '2016-08-22 13:29:19', NULL, NULL);
INSERT INTO `data_dictionary_detail` VALUES (116, 1, '未婚', '婚姻状况未婚', 2, '2016-08-22 13:34:56', NULL, '2016-08-22 13:34:56', NULL, NULL);
INSERT INTO `data_dictionary_detail` VALUES (116, 2, '已婚', '用户信息婚姻状况', 3, '2016-08-22 13:35:50', NULL, '2016-08-22 13:35:50', NULL, NULL);
INSERT INTO `data_dictionary_detail` VALUES (116, 3, '离异', '用户信息婚姻状况', 4, '2016-08-22 13:36:54', NULL, '2016-08-22 13:36:54', NULL, NULL);
INSERT INTO `data_dictionary_detail` VALUES (116, 4, '丧偶', '用户信息的婚姻状况', 5, '2016-08-22 13:37:35', NULL, '2016-08-22 13:37:35', NULL, NULL);
INSERT INTO `data_dictionary_detail` VALUES (118, 300001, '金币购买商品', '金币购买商品', 1, '2016-08-30 15:42:28', NULL, '2016-08-30 15:42:28', NULL, NULL);
INSERT INTO `data_dictionary_detail` VALUES (118, 300002, '购买金币', '购买金币', 2, '2016-08-30 15:42:57', NULL, '2016-08-30 15:42:57', NULL, NULL);
INSERT INTO `data_dictionary_detail` VALUES (118, 300003, '积分换取', '积分换取', 3, '2016-08-30 15:43:30', NULL, '2016-08-30 15:43:30', NULL, NULL);
INSERT INTO `data_dictionary_detail` VALUES (119, 400000, '注册送积分', '注册送积分', 1, '2016-08-30 15:44:31', NULL, '2016-08-30 15:44:31', NULL, NULL);
INSERT INTO `data_dictionary_detail` VALUES (119, 400001, '配资消费', '配资消费', 0, NULL, NULL, NULL, NULL, NULL);
INSERT INTO `data_dictionary_detail` VALUES (119, 400002, '每日登录', '每日登录', 2, '2016-08-30 15:44:56', NULL, '2016-08-30 15:44:56', NULL, NULL);
INSERT INTO `data_dictionary_detail` VALUES (119, 400003, '首次充值', '首次充值', 3, '2016-08-30 15:45:36', NULL, '2016-08-30 15:45:36', NULL, NULL);
INSERT INTO `data_dictionary_detail` VALUES (119, 400004, '实名认证', '实名认证', 4, '2016-08-30 15:46:00', NULL, '2016-08-30 15:46:00', NULL, NULL);
INSERT INTO `data_dictionary_detail` VALUES (119, 400005, '完成新手之路', '完成新手之路', 5, '2016-08-30 15:46:28', NULL, '2016-08-30 15:46:28', NULL, NULL);
INSERT INTO `data_dictionary_detail` VALUES (119, 400006, '分享新手礼包', '分享新手礼包', 6, '2016-08-30 15:46:51', NULL, '2016-08-30 15:46:51', NULL, NULL);
INSERT INTO `data_dictionary_detail` VALUES (119, 400007, '签到送积分', '签到送积分', 7, '2016-08-30 15:47:42', NULL, '2016-08-30 15:47:42', NULL, NULL);
INSERT INTO `data_dictionary_detail` VALUES (119, 400008, '首次配资', '首次配资', 0, NULL, NULL, NULL, NULL, NULL);
INSERT INTO `data_dictionary_detail` VALUES (119, 400009, '首次报名大赛', '首次报名大赛', 0, NULL, NULL, NULL, NULL, NULL);
INSERT INTO `data_dictionary_detail` VALUES (119, 400010, '首次股票交易', '首次股票交易', 0, NULL, NULL, NULL, NULL, NULL);
INSERT INTO `data_dictionary_detail` VALUES (119, 400100, '卡券兑换', '卡券兑换', 8, '2016-08-30 15:48:13', NULL, '2016-08-30 15:48:13', NULL, NULL);
INSERT INTO `data_dictionary_detail` VALUES (119, 400101, '换取金币', '换取金币', 9, '2016-08-30 15:48:36', NULL, '2016-08-30 15:48:36', NULL, NULL);
INSERT INTO `data_dictionary_detail` VALUES (119, 400102, '利息支出奖励积分', '利息支出奖励积分', 0, NULL, NULL, NULL, NULL, NULL);
INSERT INTO `data_dictionary_detail` VALUES (119, 400103, '绑定银行卡', '', 10, '2017-03-02 17:10:16', NULL, '2017-03-02 17:09:08', NULL, NULL);
INSERT INTO `data_dictionary_detail` VALUES (119, 400104, '首次上传头像', '', 10, '2017-03-02 17:11:05', NULL, '2017-03-02 17:11:05', NULL, NULL);
INSERT INTO `data_dictionary_detail` VALUES (119, 400105, '积分换取优惠券', '积分换取优惠券', 0, NULL, NULL, NULL, NULL, NULL);
INSERT INTO `data_dictionary_detail` VALUES (119, 400106, '新手问答', NULL, 10, '2017-05-24 15:37:04', NULL, '2017-05-24 15:37:04', NULL, NULL);
INSERT INTO `data_dictionary_detail` VALUES (121, 1, '亿牛', '亿牛注册平台', 2, '2016-09-21 17:19:24', NULL, '2016-09-21 17:19:24', NULL, NULL);
INSERT INTO `data_dictionary_detail` VALUES (121, 2, '聪牛', '', 1, '2016-09-21 17:19:50', NULL, '2016-09-21 17:19:50', NULL, NULL);
INSERT INTO `data_dictionary_detail` VALUES (122, 0, '固定值', '', 1, '2016-09-26 12:24:26', NULL, '2016-09-26 12:24:26', NULL, NULL);
INSERT INTO `data_dictionary_detail` VALUES (122, 1, '自定义', '', 2, '2016-09-26 12:31:00', NULL, '2016-09-26 12:31:00', NULL, NULL);
INSERT INTO `data_dictionary_detail` VALUES (125, 0, '否', '否', 0, '2016-09-26 18:13:43', NULL, '2016-09-26 18:13:47', NULL, NULL);
INSERT INTO `data_dictionary_detail` VALUES (125, 1, '是', '是', 1, NULL, NULL, NULL, NULL, NULL);
INSERT INTO `data_dictionary_detail` VALUES (126, 0, '周期性', NULL, 0, NULL, NULL, NULL, NULL, NULL);
INSERT INTO `data_dictionary_detail` VALUES (126, 1, '一次性', NULL, 0, NULL, NULL, NULL, NULL, NULL);
INSERT INTO `data_dictionary_detail` VALUES (127, 0, '延期', NULL, 0, NULL, NULL, NULL, NULL, NULL);
INSERT INTO `data_dictionary_detail` VALUES (127, 1, '不延期', NULL, 0, NULL, NULL, NULL, NULL, NULL);
INSERT INTO `data_dictionary_detail` VALUES (128, 0, '按天', NULL, 0, NULL, NULL, NULL, NULL, NULL);
INSERT INTO `data_dictionary_detail` VALUES (128, 1, '按月', NULL, 0, NULL, NULL, NULL, NULL, NULL);
INSERT INTO `data_dictionary_detail` VALUES (128, 2, '按周', NULL, 3, '2017-04-11 15:07:05', NULL, NULL, NULL, NULL);
INSERT INTO `data_dictionary_detail` VALUES (129, 0, '不显示', NULL, 0, NULL, NULL, NULL, NULL, NULL);
INSERT INTO `data_dictionary_detail` VALUES (129, 1, '显示', NULL, 0, NULL, NULL, NULL, NULL, NULL);
INSERT INTO `data_dictionary_detail` VALUES (130, 0, '产品编码', NULL, 0, '2017-03-22 13:38:15', NULL, NULL, NULL, NULL);
INSERT INTO `data_dictionary_detail` VALUES (130, 1, '金额', NULL, 1, NULL, NULL, NULL, NULL, NULL);
INSERT INTO `data_dictionary_detail` VALUES (130, 2, '默认', NULL, 2, NULL, NULL, NULL, NULL, NULL);
INSERT INTO `data_dictionary_detail` VALUES (130, 3, '组合条件', NULL, 3, NULL, NULL, NULL, NULL, NULL);
INSERT INTO `data_dictionary_detail` VALUES (131, 0, '处理中', NULL, 0, NULL, NULL, NULL, NULL, NULL);
INSERT INTO `data_dictionary_detail` VALUES (131, 1, '已完成', NULL, 0, NULL, NULL, NULL, NULL, NULL);
INSERT INTO `data_dictionary_detail` VALUES (131, 2, '已撤单', NULL, 0, NULL, NULL, NULL, NULL, NULL);
INSERT INTO `data_dictionary_detail` VALUES (132, 0, '冻结', '冻结', 1, NULL, NULL, NULL, NULL, NULL);
INSERT INTO `data_dictionary_detail` VALUES (132, 1, '可用', '可用', 0, '2016-10-10 10:34:46', NULL, '2016-10-10 10:34:50', NULL, NULL);
INSERT INTO `data_dictionary_detail` VALUES (133, 0, '待划账', '', 1, '2016-10-19 14:42:36', NULL, '2016-10-19 14:42:36', NULL, NULL);
INSERT INTO `data_dictionary_detail` VALUES (133, 1, '划账成功', '', 2, '2016-10-19 14:43:07', NULL, '2016-10-19 14:43:07', NULL, NULL);
INSERT INTO `data_dictionary_detail` VALUES (133, 2, '划账失败', '', 3, '2016-10-19 14:43:48', NULL, '2016-10-19 14:43:48', NULL, NULL);
INSERT INTO `data_dictionary_detail` VALUES (134, 0, '正在执行', '', 1, '2016-10-19 14:44:30', NULL, '2016-10-19 14:44:30', NULL, NULL);
INSERT INTO `data_dictionary_detail` VALUES (134, 1, '执行成功', '', 2, '2016-10-19 14:44:53', NULL, '2016-10-19 14:44:53', NULL, NULL);
INSERT INTO `data_dictionary_detail` VALUES (134, 2, '执行失败', '', 3, '2016-10-19 14:45:25', NULL, '2016-10-19 14:45:25', NULL, NULL);
INSERT INTO `data_dictionary_detail` VALUES (135, 0, '待审核', '', 1, '2016-10-20 09:58:38', NULL, '2016-10-20 09:58:38', NULL, NULL);
INSERT INTO `data_dictionary_detail` VALUES (135, 1, '审核通过', '', 2, '2016-10-20 09:59:02', NULL, '2016-10-20 09:59:02', NULL, NULL);
INSERT INTO `data_dictionary_detail` VALUES (135, 2, '审核不通过', '', 3, '2016-10-20 09:59:33', NULL, '2016-10-20 09:59:33', NULL, NULL);
INSERT INTO `data_dictionary_detail` VALUES (136, 0, '未收', NULL, 1, NULL, NULL, NULL, NULL, NULL);
INSERT INTO `data_dictionary_detail` VALUES (136, 1, '已收', NULL, 2, NULL, NULL, NULL, NULL, NULL);
INSERT INTO `data_dictionary_detail` VALUES (136, 2, '作废', NULL, 3, NULL, NULL, NULL, NULL, NULL);
INSERT INTO `data_dictionary_detail` VALUES (136, 3, '退费', NULL, 4, NULL, NULL, NULL, NULL, NULL);
INSERT INTO `data_dictionary_detail` VALUES (137, 0, '正常收费', '正常收费', 0, NULL, NULL, NULL, NULL, NULL);
INSERT INTO `data_dictionary_detail` VALUES (137, 1, '放大合约补收管理费', '放大合约补收管理费', 1, NULL, NULL, NULL, NULL, NULL);
INSERT INTO `data_dictionary_detail` VALUES (138, 0, '其他', '注册来源', 0, '2016-12-22 16:43:34', NULL, NULL, NULL, NULL);
INSERT INTO `data_dictionary_detail` VALUES (138, 1, '官网', NULL, 1, '2017-04-12 13:04:28', NULL, NULL, NULL, NULL);
INSERT INTO `data_dictionary_detail` VALUES (138, 2, 'H5', NULL, 2, NULL, NULL, NULL, NULL, NULL);
INSERT INTO `data_dictionary_detail` VALUES (138, 3, 'android', NULL, 3, NULL, NULL, NULL, NULL, NULL);
INSERT INTO `data_dictionary_detail` VALUES (138, 4, 'IOS', '注册来源', 4, '2016-12-22 16:45:55', NULL, NULL, NULL, NULL);
INSERT INTO `data_dictionary_detail` VALUES (139, 0, '积分兑换', '积分兑换', 0, NULL, NULL, NULL, NULL, NULL);
INSERT INTO `data_dictionary_detail` VALUES (139, 1, '系统生成', '系统生成', 0, NULL, NULL, NULL, NULL, NULL);
INSERT INTO `data_dictionary_detail` VALUES (140, 42666945823301, '管理费抵用券', '管理费抵用券', 0, NULL, NULL, NULL, NULL, NULL);
INSERT INTO `data_dictionary_detail` VALUES (141, 1, '机构', '机构', 0, NULL, NULL, NULL, NULL, NULL);
INSERT INTO `data_dictionary_detail` VALUES (141, 2, '经纪人', '经纪人', 1, NULL, NULL, NULL, NULL, NULL);
INSERT INTO `data_dictionary_detail` VALUES (141, 3, '个人', '个人', 2, NULL, NULL, NULL, NULL, NULL);
INSERT INTO `data_dictionary_detail` VALUES (142, 47752940008809, '用户返佣等级', NULL, 0, NULL, NULL, NULL, NULL, NULL);
INSERT INTO `data_dictionary_detail` VALUES (142, 47752940008909, '居间商返佣等级', NULL, 0, NULL, NULL, NULL, NULL, NULL);
INSERT INTO `data_dictionary_detail` VALUES (143, 0, '账号充值及提款问题', '账号充值及提款问题', 0, NULL, NULL, NULL, NULL, NULL);
INSERT INTO `data_dictionary_detail` VALUES (143, 1, '交易问题', '交易问题', 0, NULL, NULL, NULL, NULL, NULL);
INSERT INTO `data_dictionary_detail` VALUES (143, 2, '我要投诉', '我要投诉', 0, NULL, NULL, NULL, NULL, NULL);
INSERT INTO `data_dictionary_detail` VALUES (143, 3, '意见反馈', '意见反馈', 0, NULL, NULL, NULL, NULL, NULL);
INSERT INTO `data_dictionary_detail` VALUES (143, 4, '其他问题', '其他问题', 0, NULL, NULL, NULL, NULL, NULL);
INSERT INTO `data_dictionary_detail` VALUES (144, 0, 'ios', NULL, 0, NULL, NULL, NULL, NULL, NULL);
INSERT INTO `data_dictionary_detail` VALUES (144, 1, '安卓', NULL, 0, NULL, NULL, NULL, NULL, NULL);
INSERT INTO `data_dictionary_detail` VALUES (145, 0, '未发送', NULL, 0, '2017-04-10 11:14:02', NULL, '2017-04-10 11:14:02', NULL, NULL);
INSERT INTO `data_dictionary_detail` VALUES (145, 1, '已发送', NULL, 1, '2017-04-10 11:14:13', NULL, '2017-04-10 11:14:13', NULL, NULL);
INSERT INTO `data_dictionary_detail` VALUES (146, 0, '未接收', NULL, 0, '2017-04-10 11:16:02', NULL, '2017-04-10 11:16:02', NULL, NULL);
INSERT INTO `data_dictionary_detail` VALUES (146, 1, '已接收', NULL, 1, '2017-04-10 11:16:17', NULL, '2017-04-10 11:16:17', NULL, NULL);
INSERT INTO `data_dictionary_detail` VALUES (147, 0, '未读', NULL, 0, '2017-04-10 11:18:54', NULL, '2017-04-10 11:18:54', NULL, NULL);
INSERT INTO `data_dictionary_detail` VALUES (147, 1, '已读', NULL, 1, '2017-04-10 11:19:01', NULL, '2017-04-10 11:19:01', NULL, NULL);
INSERT INTO `data_dictionary_detail` VALUES (148, 0, '不推送', NULL, 1, '2017-04-10 17:50:49', NULL, '2017-04-10 17:50:30', NULL, NULL);
INSERT INTO `data_dictionary_detail` VALUES (148, 1, '推送', NULL, 2, '2017-04-10 17:50:53', NULL, '2017-04-10 17:50:41', NULL, NULL);
INSERT INTO `data_dictionary_detail` VALUES (149, 0, '未审核', NULL, 1, '2017-04-11 15:27:20', NULL, '2017-04-11 15:27:20', NULL, NULL);
INSERT INTO `data_dictionary_detail` VALUES (149, 1, '通过', NULL, 2, '2017-04-11 15:27:35', NULL, '2017-04-11 15:27:35', NULL, NULL);
INSERT INTO `data_dictionary_detail` VALUES (149, 2, '拒绝', NULL, 3, '2017-04-11 15:27:44', NULL, '2017-04-11 15:27:44', NULL, NULL);
INSERT INTO `data_dictionary_detail` VALUES (200, 20001, '盛付通', '盛付通', 1, NULL, NULL, NULL, NULL, NULL);
INSERT INTO `data_dictionary_detail` VALUES (200, 20003, '易八通', '易八通', 3, NULL, NULL, NULL, NULL, NULL);
INSERT INTO `data_dictionary_detail` VALUES (200, 20004, '财付通', '财付通', 4, NULL, NULL, NULL, NULL, NULL);
INSERT INTO `data_dictionary_detail` VALUES (200, 20005, '群算支付', '群算支付', 5, NULL, NULL, NULL, NULL, NULL);
INSERT INTO `data_dictionary_detail` VALUES (200, 20006, '宝付', '宝付', 6, '2017-03-22 13:57:56', NULL, NULL, NULL, NULL);
INSERT INTO `data_dictionary_detail` VALUES (200, 20007, '宝付快捷', '宝付快捷', 7, NULL, NULL, NULL, NULL, NULL);
INSERT INTO `data_dictionary_detail` VALUES (200, 20008, '微信支付', '微信支付', 8, NULL, NULL, NULL, NULL, NULL);
INSERT INTO `data_dictionary_detail` VALUES (200, 20009, '金运通', '金运通', 9, NULL, NULL, NULL, NULL, NULL);
INSERT INTO `data_dictionary_detail` VALUES (200, 20010, '智慧支付网银', '智慧支付', 10, '2017-02-17 13:21:48', NULL, NULL, NULL, NULL);
INSERT INTO `data_dictionary_detail` VALUES (200, 20011, '智慧支付快捷', '智惠快捷', 11, '2017-02-17 13:21:58', NULL, NULL, NULL, NULL);
INSERT INTO `data_dictionary_detail` VALUES (200, 20012, '宝付SDK', '宝付SDK', 12, NULL, NULL, NULL, NULL, NULL);
INSERT INTO `data_dictionary_detail` VALUES (200, 20013, '支付路由', NULL, 13, '2017-08-15 12:35:20', NULL, '2017-08-15 12:35:20', NULL, NULL);
INSERT INTO `data_dictionary_detail` VALUES (201, 0, '菜单', '菜单', 0, NULL, NULL, NULL, NULL, NULL);
INSERT INTO `data_dictionary_detail` VALUES (201, 1, '功能', '功能', 0, NULL, NULL, NULL, NULL, NULL);
INSERT INTO `data_dictionary_detail` VALUES (202, 41347049262016, 'danHan', '大汉三通', 1, NULL, NULL, NULL, NULL, NULL);
INSERT INTO `data_dictionary_detail` VALUES (202, 41347049262026, 'eXin', '易讯', 2, NULL, NULL, NULL, NULL, NULL);
INSERT INTO `data_dictionary_detail` VALUES (202, 41347049262036, 'sXun', '申讯', 3, NULL, NULL, NULL, NULL, NULL);
INSERT INTO `data_dictionary_detail` VALUES (203, 101001, '验证码短信', '验证码短信', 2, NULL, NULL, NULL, NULL, NULL);
INSERT INTO `data_dictionary_detail` VALUES (203, 102001, '业务短信', '业务短信', 1, NULL, NULL, NULL, NULL, NULL);
INSERT INTO `data_dictionary_detail` VALUES (203, 103001, '自动短信提醒(盘中)', '自动短信提醒(盘中)', 3, '2016-09-21 12:02:17', NULL, '2016-09-21 12:02:17', NULL, NULL);
INSERT INTO `data_dictionary_detail` VALUES (203, 104001, '自动短信提醒(盘后)', '自动短信提醒(盘后)', 4, '2016-09-21 12:02:57', NULL, '2016-09-21 12:02:57', NULL, NULL);
INSERT INTO `data_dictionary_detail` VALUES (203, 105001, '管理费不足', '管理费不足', 5, '2016-09-21 12:03:39', NULL, '2016-09-21 12:03:39', NULL, NULL);
INSERT INTO `data_dictionary_detail` VALUES (203, 106001, '按月操盘到期提醒', '按月操盘到期提醒', 7, '2016-09-21 12:12:18', NULL, '2016-09-21 12:05:02', NULL, NULL);
INSERT INTO `data_dictionary_detail` VALUES (203, 106002, '按月操盘到期提醒(提前五天)', '按月操盘到期提醒(提前五天)', 6, '2016-09-21 12:12:06', NULL, '2016-09-21 12:04:28', NULL, NULL);
INSERT INTO `data_dictionary_detail` VALUES (203, 107001, '后台人工发送', NULL, 8, '2017-04-07 17:58:29', NULL, '2017-04-07 17:58:29', NULL, NULL);
INSERT INTO `data_dictionary_detail` VALUES (203, 108001, '优惠券过期短信提醒(提前七天)', NULL, 9, '2017-04-10 10:58:01', NULL, '2017-04-10 10:58:01', NULL, NULL);
INSERT INTO `data_dictionary_detail` VALUES (204, 0, '未执行', '未执行', 0, NULL, NULL, NULL, NULL, NULL);
INSERT INTO `data_dictionary_detail` VALUES (204, 1, '执行成功', '执行成功', 1, NULL, NULL, NULL, NULL, NULL);
INSERT INTO `data_dictionary_detail` VALUES (204, 2, '执行失败', '执行失败', 2, NULL, NULL, NULL, NULL, NULL);
INSERT INTO `data_dictionary_detail` VALUES (300, 1, '一星', '一星', 1, '2016-03-31 14:38:40', NULL, '2016-03-16 15:02:53', NULL, NULL);
INSERT INTO `data_dictionary_detail` VALUES (300, 2, '二星', '二星', 2, '2016-03-31 14:39:22', NULL, '2016-03-16 15:03:19', NULL, NULL);
INSERT INTO `data_dictionary_detail` VALUES (300, 3, '三星', '三星', 3, '2016-03-31 14:39:30', NULL, '2016-03-16 15:03:39', NULL, NULL);
INSERT INTO `data_dictionary_detail` VALUES (300, 4, '四星', '四星', 4, '2016-03-31 14:39:35', NULL, '2016-03-16 15:03:58', NULL, NULL);
INSERT INTO `data_dictionary_detail` VALUES (300, 5, '五星', '五星', 5, '2016-03-31 14:39:39', NULL, '2016-03-16 15:04:47', NULL, NULL);
INSERT INTO `data_dictionary_detail` VALUES (300, 6, '六星', '六星', 6, '2016-03-31 14:39:44', NULL, '2016-03-16 15:05:15', NULL, NULL);
INSERT INTO `data_dictionary_detail` VALUES (300, 7, '七星', '七星', 7, '2016-03-31 14:39:49', NULL, '2016-03-16 15:05:35', NULL, NULL);
INSERT INTO `data_dictionary_detail` VALUES (300, 8, '八星', '八星', 8, '2016-03-31 14:39:54', NULL, '2016-03-16 15:06:05', NULL, NULL);
INSERT INTO `data_dictionary_detail` VALUES (300, 9, '九星', '九星', 9, '2016-03-31 14:39:59', NULL, '2016-03-16 15:06:31', NULL, NULL);
INSERT INTO `data_dictionary_detail` VALUES (300, 10, '满星', '十星', 10, '2016-03-31 14:40:43', NULL, '2016-03-16 15:07:00', NULL, NULL);
INSERT INTO `data_dictionary_detail` VALUES (400, 0, '等待中', '等待中', 0, '2016-09-27 15:11:05', NULL, '2016-09-27 15:11:05', NULL, NULL);
INSERT INTO `data_dictionary_detail` VALUES (400, 1, '执行中', '执行中', 1, '2016-09-27 15:11:30', NULL, '2016-09-27 15:11:30', NULL, NULL);
INSERT INTO `data_dictionary_detail` VALUES (400, 2, '暂停中', '暂停中', 2, '2016-09-27 15:23:27', NULL, '2016-09-27 15:23:27', NULL, NULL);
INSERT INTO `data_dictionary_detail` VALUES (401, 0, '禁用', '禁用', 0, '2016-09-27 15:28:38', NULL, '2016-09-27 15:28:38', NULL, NULL);
INSERT INTO `data_dictionary_detail` VALUES (401, 1, '启用', '启用', 1, '2016-09-27 15:28:57', NULL, '2016-09-27 15:28:57', NULL, NULL);
INSERT INTO `data_dictionary_detail` VALUES (500, 200001, '充值存入', NULL, 0, '2017-03-07 14:31:36', NULL, NULL, NULL, NULL);
INSERT INTO `data_dictionary_detail` VALUES (500, 200002, '提款取出', '提款取出', 1, NULL, NULL, NULL, NULL, NULL);
INSERT INTO `data_dictionary_detail` VALUES (501, 201001, '配资支出', '配资支出', 0, NULL, NULL, NULL, NULL, NULL);
INSERT INTO `data_dictionary_detail` VALUES (501, 201005, '补偿收入', '补偿收入', 3, NULL, NULL, NULL, NULL, NULL);
INSERT INTO `data_dictionary_detail` VALUES (501, 201007, '债权转出', '债权转出', 7, NULL, NULL, NULL, NULL, NULL);
INSERT INTO `data_dictionary_detail` VALUES (501, 201008, '债权转入', '债权转入', 6, NULL, NULL, NULL, NULL, NULL);
INSERT INTO `data_dictionary_detail` VALUES (501, 201010, '加保证金', '加保证金', 4, NULL, NULL, NULL, NULL, NULL);
INSERT INTO `data_dictionary_detail` VALUES (501, 201022, '提取现金', '提取现金', 5, NULL, NULL, NULL, NULL, NULL);
INSERT INTO `data_dictionary_detail` VALUES (501, 202002, '利息支出', '利息支出', 0, NULL, NULL, NULL, NULL, NULL);
INSERT INTO `data_dictionary_detail` VALUES (501, 203001, '利息收入', '利息收入', 0, NULL, NULL, NULL, NULL, NULL);
INSERT INTO `data_dictionary_detail` VALUES (510, 0, '放大合约', NULL, 1, '2017-03-24 10:38:30', NULL, '2017-03-24 10:38:30', NULL, NULL);
INSERT INTO `data_dictionary_detail` VALUES (510, 1, '追加保证金', NULL, 2, '2017-09-11 16:33:22', NULL, '2017-03-24 10:38:46', NULL, NULL);
INSERT INTO `data_dictionary_detail` VALUES (510, 2, '缩小合约', NULL, 3, '2017-03-24 10:40:21', NULL, '2017-03-24 10:38:59', NULL, NULL);
INSERT INTO `data_dictionary_detail` VALUES (510, 3, '提取现金', NULL, 4, '2017-03-24 10:40:16', NULL, '2017-03-24 10:39:11', NULL, NULL);
INSERT INTO `data_dictionary_detail` VALUES (510, 4, '可提现金放大', NULL, 5, '2017-04-25 10:52:23', NULL, '2017-03-24 10:39:52', NULL, NULL);
INSERT INTO `data_dictionary_detail` VALUES (510, 5, '创建合约', NULL, 6, '2017-03-24 10:40:05', NULL, '2017-03-24 10:40:05', NULL, NULL);
INSERT INTO `data_dictionary_detail` VALUES (600, 0, '已支付', NULL, 1, '2017-03-22 17:03:17', NULL, '2017-03-22 16:37:05', NULL, NULL);
INSERT INTO `data_dictionary_detail` VALUES (600, 1, '已完成', NULL, 2, '2017-03-22 17:03:18', NULL, NULL, NULL, NULL);
INSERT INTO `data_dictionary_detail` VALUES (600, 2, '已取消', NULL, 3, '2017-03-22 17:03:18', NULL, '2017-03-22 16:37:22', NULL, NULL);
INSERT INTO `data_dictionary_detail` VALUES (700, 0, '追加保证金', NULL, 1, '2017-03-29 13:27:11', NULL, '2017-03-29 13:27:11', NULL, NULL);
INSERT INTO `data_dictionary_detail` VALUES (700, 1, '放大合约', NULL, 2, '2017-03-29 13:27:49', NULL, '2017-03-29 13:27:49', NULL, NULL);
INSERT INTO `data_dictionary_detail` VALUES (700, 2, '可提现金放大', NULL, 3, '2017-04-25 10:51:58', NULL, '2017-03-29 13:28:10', NULL, NULL);
INSERT INTO `data_dictionary_detail` VALUES (900, 1, '预存2日费用', NULL, 0, '2017-05-08 15:45:24', NULL, '2017-05-08 15:45:24', NULL, NULL);
INSERT INTO `data_dictionary_detail` VALUES (900, 4, '5个交易日', NULL, 1, '2017-05-08 15:45:55', NULL, '2017-05-08 15:45:55', NULL, NULL);
INSERT INTO `data_dictionary_detail` VALUES (900, 5, '按月收取', NULL, 2, '2017-05-08 15:46:08', NULL, '2017-05-08 15:46:08', NULL, NULL);
INSERT INTO `data_dictionary_detail` VALUES (900, 6, '免管理费', NULL, 3, '2017-06-28 16:47:42', NULL, '2017-06-28 16:47:42', NULL, NULL);
INSERT INTO `data_dictionary_detail` VALUES (900, 7, '免管理费', NULL, 4, '2017-06-28 16:47:55', NULL, '2017-06-28 16:47:55', NULL, NULL);
INSERT INTO `data_dictionary_detail` VALUES (1000, 1, '单选', NULL, 0, '2017-05-23 10:01:56', NULL, '2017-05-23 10:01:56', NULL, NULL);
INSERT INTO `data_dictionary_detail` VALUES (1000, 2, '多选', NULL, 1, '2017-05-23 10:02:13', NULL, '2017-05-23 10:02:13', NULL, NULL);
INSERT INTO `data_dictionary_detail` VALUES (1001, 0, '新建', NULL, 0, '2017-05-25 16:18:30', NULL, '2017-05-22 18:36:14', NULL, NULL);
INSERT INTO `data_dictionary_detail` VALUES (1001, 1, '过期', NULL, 1, '2017-05-25 16:18:44', NULL, '2017-05-25 16:18:44', NULL, NULL);
INSERT INTO `data_dictionary_detail` VALUES (1002, 0, '新手任务', NULL, 1, '2017-05-26 09:51:43', NULL, '2017-05-26 09:51:43', NULL, NULL);
INSERT INTO `data_dictionary_detail` VALUES (1002, 1, '非新手任务', NULL, 2, '2017-05-26 09:52:01', NULL, '2017-05-26 09:52:01', NULL, NULL);
INSERT INTO `data_dictionary_detail` VALUES (1002, 2, '系统任务', NULL, 3, '2017-05-26 09:52:22', NULL, '2017-05-26 09:52:22', NULL, NULL);
INSERT INTO `data_dictionary_detail` VALUES (1003, 0, '无', NULL, 1, '2017-05-26 13:09:03', NULL, '2017-05-26 13:09:03', NULL, NULL);
INSERT INTO `data_dictionary_detail` VALUES (1003, 1, '积分', NULL, 2, '2017-05-26 13:09:12', NULL, '2017-05-26 13:09:12', NULL, NULL);
INSERT INTO `data_dictionary_detail` VALUES (1003, 2, '优惠券', NULL, 3, '2017-05-26 13:09:24', NULL, '2017-05-26 13:09:24', NULL, NULL);
INSERT INTO `data_dictionary_detail` VALUES (1004, 0, '不处理', NULL, 1, '2017-06-15 10:20:59', NULL, '2017-06-15 10:20:59', NULL, NULL);
INSERT INTO `data_dictionary_detail` VALUES (1004, 1, '已经处理', NULL, 2, '2017-06-15 10:21:15', NULL, '2017-06-15 10:21:15', NULL, NULL);
INSERT INTO `data_dictionary_detail` VALUES (1005, 0, '未处理', NULL, 1, '2017-07-17 15:07:31', NULL, '2017-07-17 15:07:31', NULL, NULL);
INSERT INTO `data_dictionary_detail` VALUES (1005, 1, '处理中', NULL, 2, '2017-07-17 15:07:42', NULL, '2017-07-17 15:07:42', NULL, NULL);
INSERT INTO `data_dictionary_detail` VALUES (1005, 2, '已处理', NULL, 3, '2017-07-17 15:07:54', NULL, '2017-07-17 15:07:54', NULL, NULL);
INSERT INTO `data_dictionary_detail` VALUES (1011, 0, '1个交易日，自动续约', NULL, 1, '2017-08-11 10:45:14', NULL, '2017-08-11 10:45:14', NULL, NULL);
INSERT INTO `data_dictionary_detail` VALUES (1012, 1, '2个交易日，不可续约', NULL, 1, '2017-08-11 10:50:11', NULL, '2017-08-11 10:50:11', NULL, NULL);
INSERT INTO `data_dictionary_detail` VALUES (1013, 1, '1个月，不可续约', NULL, 1, '2017-08-11 10:50:24', NULL, '2017-08-11 10:50:24', NULL, NULL);
INSERT INTO `data_dictionary_detail` VALUES (1014, 0, '5个交易日，自动续约', NULL, 1, '2017-08-18 13:48:49', NULL, '2017-08-11 10:51:10', NULL, NULL);
INSERT INTO `data_dictionary_detail` VALUES (1014, 1, '5个交易日，手动续约', NULL, 2, '2017-08-18 13:48:45', NULL, '2017-08-11 10:50:47', NULL, NULL);
INSERT INTO `data_dictionary_detail` VALUES (1015, 0, '1个月，自动续约', NULL, 1, '2017-08-18 13:49:06', NULL, '2017-08-11 10:51:47', NULL, NULL);
INSERT INTO `data_dictionary_detail` VALUES (1015, 1, '1个月，手动续约', NULL, 2, '2017-08-18 13:49:01', NULL, '2017-08-11 10:51:34', NULL, NULL);
INSERT INTO `data_dictionary_detail` VALUES (1016, 1, '5个交易日，不可续约', NULL, 1, '2017-08-11 10:52:07', NULL, '2017-08-11 10:52:07', NULL, NULL);
INSERT INTO `data_dictionary_detail` VALUES (1017, 1, '2个交易日，不可续约', NULL, 1, '2017-08-11 10:53:24', NULL, '2017-08-11 10:53:24', NULL, NULL);
INSERT INTO `data_dictionary_detail` VALUES (1018, 1, '缩小合约', NULL, 1, '2017-09-01 10:09:47', NULL, '2017-09-01 10:09:47', NULL, NULL);
INSERT INTO `data_dictionary_detail` VALUES (1018, 2, '放大合约', NULL, 2, '2017-09-01 10:09:56', NULL, '2017-09-01 10:09:56', NULL, NULL);
INSERT INTO `data_dictionary_detail` VALUES (1018, 3, '追加本金', NULL, 3, '2017-09-11 16:33:32', NULL, '2017-09-01 10:10:11', NULL, NULL);
INSERT INTO `data_dictionary_detail` VALUES (1018, 4, '提取现金', NULL, 4, '2017-09-01 10:10:21', NULL, '2017-09-01 10:10:21', NULL, NULL);
INSERT INTO `data_dictionary_detail` VALUES (1018, 5, '延期卖出', NULL, 5, '2017-09-01 10:10:33', NULL, '2017-09-01 10:10:33', NULL, NULL);
INSERT INTO `data_dictionary_detail` VALUES (1018, 6, '申请延期', NULL, 6, '2017-09-01 10:10:48', NULL, '2017-09-01 10:10:48', NULL, NULL);
INSERT INTO `data_dictionary_detail` VALUES (1018, 7, '申请结算', NULL, 7, '2017-09-13 15:28:10', NULL, '2017-09-01 10:11:00', NULL, NULL);
COMMIT;

-- ----------------------------
-- Table structure for sys_admin
-- ----------------------------
DROP TABLE IF EXISTS `sys_admin`;
CREATE TABLE `sys_admin` (
  `id` int(11) NOT NULL,
  `add_time` datetime DEFAULT NULL COMMENT '创建时间',
  `locking` int(11) DEFAULT NULL COMMENT '是否锁定 0 否 1是',
  `login_pwd` varchar(200) DEFAULT NULL COMMENT '密码',
  `nick_name` varchar(200) DEFAULT NULL COMMENT '昵称',
  `permission` varchar(5000) DEFAULT NULL COMMENT '权限',
  `user_name` varchar(200) DEFAULT NULL COMMENT '账号',
  PRIMARY KEY (`id`) USING BTREE
) ENGINE=InnoDB DEFAULT CHARSET=utf8mb4 ROW_FORMAT=DYNAMIC;

-- ----------------------------
-- Records of sys_admin
-- ----------------------------
BEGIN;
INSERT INTO `sys_admin` VALUES (1829, '2020-01-12 10:18:22', 0, '5f85498b2aaa4b97a4984de398e7b7ed', '管理员', '1000,0,1001,1000,1002,1000,2000,0,2001,2000,5000,0,5001,5000,5002,5000,5003,5000,5004,5000,5005,5000,6000,0,6001,6000,6002,6000,6004,6000,7000,0,7001,7000,8000,0,8001,8000,8002,8000', 'admin');
COMMIT;

-- ----------------------------
-- Table structure for sys_leaving_message
-- ----------------------------
DROP TABLE IF EXISTS `sys_leaving_message`;
CREATE TABLE `sys_leaving_message` (
  `id` int(11) NOT NULL,
  `add_time` datetime DEFAULT NULL COMMENT '创建时间',
  `content` varchar(8000) DEFAULT NULL COMMENT '内容',
  `leaving_image` varchar(200) DEFAULT NULL COMMENT '留言图片',
  `user_id` int(11) DEFAULT NULL COMMENT '用户id',
  PRIMARY KEY (`id`) USING BTREE
) ENGINE=InnoDB DEFAULT CHARSET=utf8mb4 ROW_FORMAT=DYNAMIC;

-- ----------------------------
-- Table structure for sys_log
-- ----------------------------
DROP TABLE IF EXISTS `sys_log`;
CREATE TABLE `sys_log` (
  `id` int(11) NOT NULL,
  `add_time` datetime DEFAULT NULL COMMENT '创建时间',
  `message` varchar(4000) DEFAULT NULL COMMENT '错误信息',
  `method` varchar(60) DEFAULT NULL COMMENT '错误信息',
  `parameter` varchar(4000) DEFAULT NULL COMMENT '错误信息',
  PRIMARY KEY (`id`) USING BTREE
) ENGINE=InnoDB DEFAULT CHARSET=utf8mb4 ROW_FORMAT=DYNAMIC;

-- ----------------------------
-- Table structure for sys_message
-- ----------------------------
DROP TABLE IF EXISTS `sys_message`;
CREATE TABLE `sys_message` (
  `id` int(11) NOT NULL,
  `add_time` datetime DEFAULT NULL COMMENT '创建时间',
  `content` varchar(9999) DEFAULT NULL COMMENT '内容',
  `msg_type` int(11) DEFAULT NULL COMMENT '公告类型 0 公告 1新手帮助 2问题解答',
  `title` varchar(200) DEFAULT NULL COMMENT '标题',
  PRIMARY KEY (`id`) USING BTREE
) ENGINE=InnoDB DEFAULT CHARSET=utf8mb4 ROW_FORMAT=DYNAMIC;

-- ----------------------------
-- Records of sys_message
-- ----------------------------
BEGIN;
INSERT INTO `sys_message` VALUES (1, '2020-02-04 13:44:07', '<p><span style=\"color:#000000\"><span style=\"font-family:宋体,SimSun\"><em style=\"font-style: normal; font-size: 13px; font-variant-ligatures: normal; font-variant-caps: normal; font-weight: 400; letter-spacing: normal; text-align: start; text-indent: 0px; text-transform: none; white-space: normal; word-spacing: 0px; -webkit-text-stroke-width: 0px; background-color: rgb(255, 255, 255); text-decoration-style: initial; text-decoration-color: initial;\">测试</em><span style=\"font-size: 13px; font-style: normal; font-variant-ligatures: normal; font-variant-caps: normal; font-weight: 400; letter-spacing: normal; text-align: start; text-indent: 0px; text-transform: none; white-space: normal; word-spacing: 0px; -webkit-text-stroke-width: 0px; background-color: rgb(255, 255, 255); text-decoration-style: initial; text-decoration-color: initial; display: inline !important; float: none;\">是具有试验性质的</span><em style=\"font-style: normal; font-size: 13px; font-variant-ligatures: normal; font-variant-caps: normal; font-weight: 400; letter-spacing: normal; text-align: start; text-indent: 0px; text-transform: none; white-space: normal; word-spacing: 0px; -webkit-text-stroke-width: 0px; background-color: rgb(255, 255, 255); text-decoration-style: initial; text-decoration-color: initial;\">测</em><span style=\"font-size: 13px; font-style: normal; font-variant-ligatures: normal; font-variant-caps: normal; font-weight: 400; letter-spacing: normal; text-align: start; text-indent: 0px; text-transform: none; white-space: normal; word-spacing: 0px; -webkit-text-stroke-width: 0px; background-color: rgb(255, 255, 255); text-decoration-style: initial; text-decoration-color: initial; display: inline !important; float: none;\">量，即</span><em style=\"font-style: normal; font-size: 13px; font-variant-ligatures: normal; font-variant-caps: normal; font-weight: 400; letter-spacing: normal; text-align: start; text-indent: 0px; text-transform: none; white-space: normal; word-spacing: 0px; -webkit-text-stroke-width: 0px; background-color: rgb(255, 255, 255); text-decoration-style: initial; text-decoration-color: initial;\">测</em><span style=\"font-size: 13px; font-style: normal; font-variant-ligatures: normal; font-variant-caps: normal; font-weight: 400; letter-spacing: normal; text-align: start; text-indent: 0px; text-transform: none; white-space: normal; word-spacing: 0px; -webkit-text-stroke-width: 0px; background-color: rgb(255, 255, 255); text-decoration-style: initial; text-decoration-color: initial; display: inline !important; float: none;\">量和试验的综合。而</span><em style=\"font-style: normal; font-size: 13px; font-variant-ligatures: normal; font-variant-caps: normal; font-weight: 400; letter-spacing: normal; text-align: start; text-indent: 0px; text-transform: none; white-space: normal; word-spacing: 0px; -webkit-text-stroke-width: 0px; background-color: rgb(255, 255, 255); text-decoration-style: initial; text-decoration-color: initial;\">测试</em><span style=\"font-size: 13px; font-style: normal; font-variant-ligatures: normal; font-variant-caps: normal; font-weight: 400; letter-spacing: normal; text-align: start; text-indent: 0px; text-transform: none; white-space: normal; word-spacing: 0px; -webkit-text-stroke-width: 0px; background-color: rgb(255, 255, 255); text-decoration-style: initial; text-decoration-color: initial; display: inline !important; float: none;\">手段就是仪器仪表。由于</span><em style=\"font-style: normal; font-size: 13px; font-variant-ligatures: normal; font-variant-caps: normal; font-weight: 400; letter-spacing: normal; text-align: start; text-indent: 0px; text-transform: none; white-space: normal; word-spacing: 0px; -webkit-text-stroke-width: 0px; background-color: rgb(255, 255, 255); text-decoration-style: initial; text-decoration-color: initial;\">测试</em><span style=\"font-size: 13px; font-style: normal; font-variant-ligatures: normal; font-variant-caps: normal; font-weight: 400; letter-spacing: normal; text-align: start; text-indent: 0px; text-transform: none; white-space: normal; word-spacing: 0px; -webkit-text-stroke-width: 0px; background-color: rgb(255, 255, 255); text-decoration-style: initial; text-decoration-color: initial; display: inline !important; float: none;\">和</span><em style=\"font-style: normal; font-size: 13px; font-variant-ligatures: normal; font-variant-caps: normal; font-weight: 400; letter-spacing: normal; text-align: start; text-indent: 0px; text-transform: none; white-space: normal; word-spacing: 0px; -webkit-text-stroke-width: 0px; background-color: rgb(255, 255, 255); text-decoration-style: initial; text-decoration-color: initial;\">测</em><span style=\"font-size: 13px; font-style: normal; font-variant-ligatures: normal; font-variant-caps: normal; font-weight: 400; letter-spacing: normal; text-align: start; text-indent: 0px; text-transform: none; white-space: normal; word-spacing: 0px; -webkit-text-stroke-width: 0px; background-color: rgb(255, 255, 255); text-decoration-style: initial; text-decoration-color: initial; display: inline !important; float: none;\">量密切相关，在实际使用中往往并不严格区分</span><em style=\"font-style: normal; font-size: 13px; font-variant-ligatures: normal; font-variant-caps: normal; font-weight: 400; letter-spacing: normal; text-align: start; text-indent: 0px; text-transform: none; white-space: normal; word-spacing: 0px; -webkit-text-stroke-width: 0px; background-color: rgb(255, 255, 255); text-decoration-style: initial; text-decoration-color: initial;\">测试</em><span style=\"font-size: 13px; font-style: normal; font-variant-ligatures: normal; font-variant-caps: normal; font-weight: 400; letter-spacing: normal; text-align: start; text-indent: 0px; text-transform: none; white-space: normal; word-spacing: 0px; -webkit-text-stroke-width: 0px; background-color: rgb(255, 255, 255); text-decoration-style: initial; text-decoration-color: initial; display: inline !important; float: none;\">与</span><em style=\"font-style: normal; font-size: 13px; font-variant-ligatures: normal; font-variant-caps: normal; font-weight: 400; letter-spacing: normal; text-align: start; text-indent: 0px; text-transform: none; white-space: normal; word-spacing: 0px; -webkit-text-stroke-width: 0px; background-color: rgb(255, 255, 255); text-decoration-style: initial; text-decoration-color: initial;\">测</em><span style=\"font-size: 13px; font-style: normal; font-variant-ligatures: normal; font-variant-caps: normal; font-weight: 400; letter-spacing: normal; text-align: start; text-indent: 0px; text-transform: none; white-space: normal; word-spacing: 0px; -webkit-text-stroke-width: 0px; background-color: rgb(255, 255, 255); text-decoration-style: initial; text-decoration-color: initial; display: inline !important; float: none;\">量。</span><em style=\"font-style: normal; font-size: 13px; font-variant-ligatures: normal; font-variant-caps: normal; font-weight: 400; letter-spacing: normal; text-align: start; text-indent: 0px; text-transform: none; white-space: normal; word-spacing: 0px; -webkit-text-stroke-width: 0px; background-color: rgb(255, 255, 255); text-decoration-style: initial; text-decoration-color: initial;\">测试</em><span style=\"font-size: 13px; font-style: normal; font-variant-ligatures: normal; font-variant-caps: normal; font-weight: 400; letter-spacing: normal; text-align: start; text-indent: 0px; text-transform: none; white-space: normal; word-spacing: 0px; -webkit-text-stroke-width: 0px; background-color: rgb(255, 255, 255); text-decoration-style: initial; text-decoration-color: initial; display: inline !important; float: none;\">的基本任务就是获取有用的信息，通过借助专门的仪器、设备，设计合理的实验方法以及进行必...<img src=\"http://47.92.151.125:7060/uploads/admin1/6580166e-d79b-4878-b0ee-ab8089a6f948.png\" _src=\"http://47.92.151.125:7060/uploads/admin1/6580166e-d79b-4878-b0ee-ab8089a6f948.png\" style=\"width: 237.021px; height: 274.021px;\"/></span></span></span></p><p><br/></p>', 0, 'test');
INSERT INTO `sys_message` VALUES (2, '2020-02-04 13:44:07', '<p><span style=\"color:#000000\"><span style=\"font-family:宋体,SimSun\"><em style=\"font-style: normal; font-size: 13px; font-variant-ligatures: normal; font-variant-caps: normal; font-weight: 400; letter-spacing: normal; text-align: start; text-indent: 0px; text-transform: none; white-space: normal; word-spacing: 0px; -webkit-text-stroke-width: 0px; background-color: rgb(255, 255, 255); text-decoration-style: initial; text-decoration-color: initial;\">测试</em><span style=\"font-size: 13px; font-style: normal; font-variant-ligatures: normal; font-variant-caps: normal; font-weight: 400; letter-spacing: normal; text-align: start; text-indent: 0px; text-transform: none; white-space: normal; word-spacing: 0px; -webkit-text-stroke-width: 0px; background-color: rgb(255, 255, 255); text-decoration-style: initial; text-decoration-color: initial; display: inline !important; float: none;\">是具有试验性质的</span><em style=\"font-style: normal; font-size: 13px; font-variant-ligatures: normal; font-variant-caps: normal; font-weight: 400; letter-spacing: normal; text-align: start; text-indent: 0px; text-transform: none; white-space: normal; word-spacing: 0px; -webkit-text-stroke-width: 0px; background-color: rgb(255, 255, 255); text-decoration-style: initial; text-decoration-color: initial;\">测</em><span style=\"font-size: 13px; font-style: normal; font-variant-ligatures: normal; font-variant-caps: normal; font-weight: 400; letter-spacing: normal; text-align: start; text-indent: 0px; text-transform: none; white-space: normal; word-spacing: 0px; -webkit-text-stroke-width: 0px; background-color: rgb(255, 255, 255); text-decoration-style: initial; text-decoration-color: initial; display: inline !important; float: none;\">量，即</span><em style=\"font-style: normal; font-size: 13px; font-variant-ligatures: normal; font-variant-caps: normal; font-weight: 400; letter-spacing: normal; text-align: start; text-indent: 0px; text-transform: none; white-space: normal; word-spacing: 0px; -webkit-text-stroke-width: 0px; background-color: rgb(255, 255, 255); text-decoration-style: initial; text-decoration-color: initial;\">测</em><span style=\"font-size: 13px; font-style: normal; font-variant-ligatures: normal; font-variant-caps: normal; font-weight: 400; letter-spacing: normal; text-align: start; text-indent: 0px; text-transform: none; white-space: normal; word-spacing: 0px; -webkit-text-stroke-width: 0px; background-color: rgb(255, 255, 255); text-decoration-style: initial; text-decoration-color: initial; display: inline !important; float: none;\">量和试验的综合。而</span><em style=\"font-style: normal; font-size: 13px; font-variant-ligatures: normal; font-variant-caps: normal; font-weight: 400; letter-spacing: normal; text-align: start; text-indent: 0px; text-transform: none; white-space: normal; word-spacing: 0px; -webkit-text-stroke-width: 0px; background-color: rgb(255, 255, 255); text-decoration-style: initial; text-decoration-color: initial;\">测试</em><span style=\"font-size: 13px; font-style: normal; font-variant-ligatures: normal; font-variant-caps: normal; font-weight: 400; letter-spacing: normal; text-align: start; text-indent: 0px; text-transform: none; white-space: normal; word-spacing: 0px; -webkit-text-stroke-width: 0px; background-color: rgb(255, 255, 255); text-decoration-style: initial; text-decoration-color: initial; display: inline !important; float: none;\">手段就是仪器仪表。由于</span><em style=\"font-style: normal; font-size: 13px; font-variant-ligatures: normal; font-variant-caps: normal; font-weight: 400; letter-spacing: normal; text-align: start; text-indent: 0px; text-transform: none; white-space: normal; word-spacing: 0px; -webkit-text-stroke-width: 0px; background-color: rgb(255, 255, 255); text-decoration-style: initial; text-decoration-color: initial;\">测试</em><span style=\"font-size: 13px; font-style: normal; font-variant-ligatures: normal; font-variant-caps: normal; font-weight: 400; letter-spacing: normal; text-align: start; text-indent: 0px; text-transform: none; white-space: normal; word-spacing: 0px; -webkit-text-stroke-width: 0px; background-color: rgb(255, 255, 255); text-decoration-style: initial; text-decoration-color: initial; display: inline !important; float: none;\">和</span><em style=\"font-style: normal; font-size: 13px; font-variant-ligatures: normal; font-variant-caps: normal; font-weight: 400; letter-spacing: normal; text-align: start; text-indent: 0px; text-transform: none; white-space: normal; word-spacing: 0px; -webkit-text-stroke-width: 0px; background-color: rgb(255, 255, 255); text-decoration-style: initial; text-decoration-color: initial;\">测</em><span style=\"font-size: 13px; font-style: normal; font-variant-ligatures: normal; font-variant-caps: normal; font-weight: 400; letter-spacing: normal; text-align: start; text-indent: 0px; text-transform: none; white-space: normal; word-spacing: 0px; -webkit-text-stroke-width: 0px; background-color: rgb(255, 255, 255); text-decoration-style: initial; text-decoration-color: initial; display: inline !important; float: none;\">量密切相关，在实际使用中往往并不严格区分</span><em style=\"font-style: normal; font-size: 13px; font-variant-ligatures: normal; font-variant-caps: normal; font-weight: 400; letter-spacing: normal; text-align: start; text-indent: 0px; text-transform: none; white-space: normal; word-spacing: 0px; -webkit-text-stroke-width: 0px; background-color: rgb(255, 255, 255); text-decoration-style: initial; text-decoration-color: initial;\">测试</em><span style=\"font-size: 13px; font-style: normal; font-variant-ligatures: normal; font-variant-caps: normal; font-weight: 400; letter-spacing: normal; text-align: start; text-indent: 0px; text-transform: none; white-space: normal; word-spacing: 0px; -webkit-text-stroke-width: 0px; background-color: rgb(255, 255, 255); text-decoration-style: initial; text-decoration-color: initial; display: inline !important; float: none;\">与</span><em style=\"font-style: normal; font-size: 13px; font-variant-ligatures: normal; font-variant-caps: normal; font-weight: 400; letter-spacing: normal; text-align: start; text-indent: 0px; text-transform: none; white-space: normal; word-spacing: 0px; -webkit-text-stroke-width: 0px; background-color: rgb(255, 255, 255); text-decoration-style: initial; text-decoration-color: initial;\">测</em><span style=\"font-size: 13px; font-style: normal; font-variant-ligatures: normal; font-variant-caps: normal; font-weight: 400; letter-spacing: normal; text-align: start; text-indent: 0px; text-transform: none; white-space: normal; word-spacing: 0px; -webkit-text-stroke-width: 0px; background-color: rgb(255, 255, 255); text-decoration-style: initial; text-decoration-color: initial; display: inline !important; float: none;\">量。</span><em style=\"font-style: normal; font-size: 13px; font-variant-ligatures: normal; font-variant-caps: normal; font-weight: 400; letter-spacing: normal; text-align: start; text-indent: 0px; text-transform: none; white-space: normal; word-spacing: 0px; -webkit-text-stroke-width: 0px; background-color: rgb(255, 255, 255); text-decoration-style: initial; text-decoration-color: initial;\">测试</em><span style=\"font-size: 13px; font-style: normal; font-variant-ligatures: normal; font-variant-caps: normal; font-weight: 400; letter-spacing: normal; text-align: start; text-indent: 0px; text-transform: none; white-space: normal; word-spacing: 0px; -webkit-text-stroke-width: 0px; background-color: rgb(255, 255, 255); text-decoration-style: initial; text-decoration-color: initial; display: inline !important; float: none;\">的基本任务就是获取有用的信息，通过借助专门的仪器、设备，设计合理的实验方法以及进行必...<img src=\"http://47.92.151.125:7060/uploads/admin1/6580166e-d79b-4878-b0ee-ab8089a6f948.png\" _src=\"http://47.92.151.125:7060/uploads/admin1/6580166e-d79b-4878-b0ee-ab8089a6f948.png\" style=\"width: 237.021px; height: 274.021px;\"/></span></span></span></p><p><br/></p>', 1, 'test');
COMMIT;

-- ----------------------------
-- Table structure for sys_module
-- ----------------------------
DROP TABLE IF EXISTS `sys_module`;
CREATE TABLE `sys_module` (
  `id` int(11) NOT NULL,
  `add_time` datetime DEFAULT NULL COMMENT '创建时间',
  `icon` varchar(200) DEFAULT NULL COMMENT '图标',
  `link_url` varchar(200) DEFAULT NULL COMMENT '链接',
  `name` varchar(200) DEFAULT NULL COMMENT '名称',
  `parentid` int(11) DEFAULT NULL COMMENT '上级ID',
  `sort` int(11) DEFAULT NULL COMMENT '排序 越大越靠前',
  PRIMARY KEY (`id`) USING BTREE
) ENGINE=InnoDB DEFAULT CHARSET=utf8mb4 ROW_FORMAT=DYNAMIC;

-- ----------------------------
-- Records of sys_module
-- ----------------------------
BEGIN;
INSERT INTO `sys_module` VALUES (1000, '2019-03-12 16:33:08', 'fa fa-cog', '', '系统配置', 0, 2);
INSERT INTO `sys_module` VALUES (1001, '2019-03-12 14:38:43', NULL, '/admin/WebConfig', '系统设置', 1000, 1);
INSERT INTO `sys_module` VALUES (1002, '2019-03-22 15:42:02', '', '/admin/message/index', '公告列表', 1000, 2);
INSERT INTO `sys_module` VALUES (2000, '2019-03-12 16:33:08', 'fa fa-group', '', '系统管理员', 0, 3);
INSERT INTO `sys_module` VALUES (2001, '2019-03-12 14:38:43', '', '/admin/AdminIndex', '管理员列表', 2000, 1);
INSERT INTO `sys_module` VALUES (5000, '2019-03-12 14:38:43', 'fa fa-android', '', '宠物管理', 0, 5);
INSERT INTO `sys_module` VALUES (5001, '2019-03-12 14:38:43', '', '/admin/ProductIndex', '宠物列表', 5000, 1);
INSERT INTO `sys_module` VALUES (5002, '2019-03-12 14:38:43', '', '/admin/UserProductIndex', '用户宠物', 5000, 1);
INSERT INTO `sys_module` VALUES (5003, '2019-03-12 14:38:43', '', '/admin/UserHangBuyIndex', '预约列表', 5000, 1);
INSERT INTO `sys_module` VALUES (5004, '2019-03-12 14:38:43', '', '/admin/UserHangSellIndex', '转让列表', 5000, 1);
INSERT INTO `sys_module` VALUES (5005, '2019-03-12 14:38:43', '', '/admin/TradeMatchIndex', '匹配列表', 5000, 1);
INSERT INTO `sys_module` VALUES (6000, '2019-03-19 12:00:58', 'fa fa-user', '', '用户管理', 0, 6);
INSERT INTO `sys_module` VALUES (6001, '2019-03-19 14:10:14', '', '/admin/UserIndex', '用户列表', 6000, 1);
INSERT INTO `sys_module` VALUES (6002, '2019-03-12 14:38:43', '', '/admin/UserMessageIndex', '留言列表', 6000, 1);
INSERT INTO `sys_module` VALUES (6004, '2019-03-21 17:58:19', '', '/admin/UserUnlockApplyIndex', '解冻申请', 6000, 2);
INSERT INTO `sys_module` VALUES (7000, '2019-03-21 17:57:44', 'fa fa-cny', '', '财务流水', 0, 8);
INSERT INTO `sys_module` VALUES (7001, '2019-03-21 17:58:19', '', '/admin/UserRecordIndex', '流水记录', 7000, 1);
INSERT INTO `sys_module` VALUES (8000, '2019-03-19 12:00:58', 'fa fa-user', '', '抽奖管理', 0, 7);
INSERT INTO `sys_module` VALUES (8001, '2019-03-19 12:00:58', 'fa fa-user', '/admin/PrizeIndex', '奖品列表', 8000, 0);
INSERT INTO `sys_module` VALUES (8002, '2019-03-19 12:00:58', 'fa fa-user', '/admin/PrizeRecordIndex', '抽奖记录', 8000, 0);
COMMIT;

-- ----------------------------
-- Table structure for sys_web_config
-- ----------------------------
DROP TABLE IF EXISTS `sys_web_config`;
CREATE TABLE `sys_web_config` (
  `id` int(11) NOT NULL,
  `add_time` datetime DEFAULT NULL COMMENT '创建时间',
  `authentication_give` decimal(18,2) DEFAULT NULL COMMENT '实名认证赠送',
  `customer_service_img` varchar(200) DEFAULT NULL COMMENT '客户二维码',
  `draw_rules` varchar(5000) DEFAULT NULL COMMENT '抽奖规则',
  `is_open_exchange` int(11) DEFAULT NULL COMMENT '是否开放兑换',
  `luck_draw_consume` decimal(18,2) DEFAULT NULL COMMENT '抽奖消耗',
  `not_sell_switch` int(11) DEFAULT NULL COMMENT '未售出收益开关',
  `orient_min` int(11) DEFAULT NULL COMMENT '定向交易最小数量',
  `orient_fee` decimal(18,2) DEFAULT NULL COMMENT '定向交易交易手续费',
  `profit_rate1` decimal(18,2) DEFAULT NULL COMMENT '一代收益百分比',
  `profit_rate2` decimal(18,2) DEFAULT NULL COMMENT '二代收益百分比',
  `profit_rate3` decimal(18,2) DEFAULT NULL COMMENT '三代收益百分比',
  `profit_rate4` decimal(18,2) DEFAULT NULL COMMENT '4-10代收益百分比',
  `profit_rate5` decimal(18,2) DEFAULT NULL COMMENT '10-20代收益百分比',
  `profit_rate6` decimal(18,2) DEFAULT NULL COMMENT '20+代收益百分比',
  `recomm_count1` int(11) DEFAULT NULL COMMENT '直推人满N人即为钻石会员',
  `recomm_count2` int(11) DEFAULT NULL COMMENT '直推人满N人即为皇冠会员',
  `recomm_count3` int(11) DEFAULT NULL COMMENT '直推人满N人即为金牌会员',
  `team_count1` int(11) DEFAULT NULL COMMENT '直推人满N人即为皇冠会员',
  `team_count2` int(11) DEFAULT NULL COMMENT '三代内会员满N人即为金牌会员',
  `trade_time` int(11) DEFAULT NULL COMMENT '交易时长',
  `unlock_amount` decimal(18,2) DEFAULT NULL COMMENT '解锁费用',
  `upgrade0` int(11) DEFAULT NULL COMMENT '满足直推N人',
  `upgrade1` int(11) DEFAULT NULL COMMENT '满足一代N人',
  `upgrade2` int(11) DEFAULT NULL COMMENT '满足二代N人',
  `upgrade3` int(11) DEFAULT NULL COMMENT '满足三代N人',
  PRIMARY KEY (`id`) USING BTREE
) ENGINE=InnoDB DEFAULT CHARSET=utf8mb4 ROW_FORMAT=DYNAMIC;

-- ----------------------------
-- Records of sys_web_config
-- ----------------------------
BEGIN;
INSERT INTO `sys_web_config` VALUES (1, '2019-09-25 11:33:01', 5.00, 'http://jzteam.club/uploads/comm_images/7f72b091-d44f-4059-8696-277fc0d1c90c.png', '抽奖消耗2根胡萝卜', 0, 2.00, 0, 100, 0.00, 8.00, 5.00, 3.00, 2.00, 1.00, 1.00, 20, 32, 10, 10, 10, 2, 5.00, 1, 2, 2, 2);
COMMIT;

-- ----------------------------
-- Table structure for tresource
-- ----------------------------
DROP TABLE IF EXISTS `tresource`;
CREATE TABLE `tresource` (
  `id` varchar(36) NOT NULL,
  `icon` varchar(100) DEFAULT NULL,
  `name` varchar(100) NOT NULL COMMENT '资源名',
  `remark` varchar(200) DEFAULT NULL COMMENT '备注',
  `seq` int(11) DEFAULT NULL COMMENT '排序',
  `url` varchar(200) DEFAULT NULL,
  `pid` varchar(36) DEFAULT NULL COMMENT '父节点',
  `type_id` varchar(36) NOT NULL COMMENT '资源类型（0菜单，1功能）',
  `pk_id` varchar(50) DEFAULT NULL COMMENT '参数主键字符',
  `query_sql` varchar(500) DEFAULT NULL COMMENT '执行查询sql',
  PRIMARY KEY (`id`),
  KEY `FK_m0i6pj14hcg1mleojnl7igg6o` (`pid`),
  KEY `FK_6w0sgqbec1o81uqqjsmejg57p` (`type_id`)
) ENGINE=InnoDB DEFAULT CHARSET=utf8;

-- ----------------------------
-- Records of tresource
-- ----------------------------
BEGIN;
INSERT INTO `tresource` VALUES ('appgl', '', 'app版本管理', 'app版本管理', 50, '/app/manager', 'xtgl', '0', NULL, NULL);
INSERT INTO `tresource` VALUES ('app_add', '', '新增app版本', '新增app版本', 62, '/app/addAppVersion', 'appgl', '1', '', '');
INSERT INTO `tresource` VALUES ('app_edit', '', '更新app版本', '更新app版本', 63, '/app/editAppVersion', 'appgl', '1', 'id', 'select * from appversion where id = ');
INSERT INTO `tresource` VALUES ('app_list', '', 'app版本管理列表', 'app版本管理列表', 61, '/app/versionList', 'appgl', '1', NULL, NULL);
INSERT INTO `tresource` VALUES ('bbgl_lb', '', 'app版本列表', '', 100, '/app/dataGrid', 'appgl', '1', NULL, NULL);
INSERT INTO `tresource` VALUES ('bdyhkxx', '', '客户绑定银行卡信息', '', 105, '/customerController/showBindBankPage', 'khxx', '1', NULL, NULL);
INSERT INTO `tresource` VALUES ('bjdxsqd', '', '编辑短信申请单', '', 101, '/smsController/edit', 'dxsqd', '1', NULL, NULL);
INSERT INTO `tresource` VALUES ('bmdgl', '', '白名单管理', '', 100, '/whiteList/manager', 'xtgl', '0', NULL, NULL);
INSERT INTO `tresource` VALUES ('bmdgl_gx', '', '白名单管理_更新', '', 100, '/whiteList/update', 'bmdgl', '1', 'id', 'select * from white_list where id = ');
INSERT INTO `tresource` VALUES ('bmdgl_lb', '', '白名单列表', '', 100, '/whiteList/dataGrid', 'bmdgl', '1', NULL, NULL);
INSERT INTO `tresource` VALUES ('bmdgl_sc', '', '白名单管理_删除', '', 100, '/whiteList/delete', 'bmdgl', '1', NULL, NULL);
INSERT INTO `tresource` VALUES ('bmdgl_tj', '', '白名单管理_添加', '', 100, '/whiteList/add', 'bmdgl', '1', NULL, NULL);
INSERT INTO `tresource` VALUES ('cfrwgl', '', '触发任务管理', '', 100, '/triggerTask/manager', 'xtgl', '0', NULL, NULL);
INSERT INTO `tresource` VALUES ('cfrwgl_bj', '', '触发任务_编辑', '', 100, '/triggerTask/edit', 'cfrwgl', '1', NULL, NULL);
INSERT INTO `tresource` VALUES ('cfrwgl_lb', '', '触发任务管理_列表', '', 100, '/triggerTask/dataGrid', 'appgl', '1', NULL, NULL);
INSERT INTO `tresource` VALUES ('cfrwgl_sc', '', '触发任务_删除', '', 100, '/triggerTask/delete', 'cfrwgl', '1', NULL, NULL);
INSERT INTO `tresource` VALUES ('cfrwgl_tj', '', '触发任务_添加', '', 100, '/triggerTask/add', 'cfrwgl', '1', NULL, NULL);
INSERT INTO `tresource` VALUES ('cfrw_ls', '', '触发任务流水', '', 100, '/triggerTask/statusList', 'cfrwgl', '1', NULL, NULL);
INSERT INTO `tresource` VALUES ('ckkhjf', '', '查看用户积分', '', 109, '/customerController/showMemberIntegral', 'khxx', '1', NULL, NULL);
INSERT INTO `tresource` VALUES ('coiniorecords', '', '金币流水查询', '', 104, '/coin/manager', 'khjcxxgl', '0', NULL, NULL);
INSERT INTO `tresource` VALUES ('coiniorecordssearch', '', '金币流水_查询', '', 100, '/coin//dataGrid', 'coiniorecords', '1', NULL, NULL);
INSERT INTO `tresource` VALUES ('cplmxx', '', '产品栏目信息', '', 100, '/advertProduct/manager', 'pzcppz', '0', NULL, NULL);
INSERT INTO `tresource` VALUES ('cplmxx_bj', '', '产品栏目信息_编辑', '', 100, '/advertProduct/edit', 'cplmxx', '1', NULL, NULL);
INSERT INTO `tresource` VALUES ('cplmxx_lb', '', '产品栏目信息_列表', '', 100, '/advertProduct/dataGrid', 'cplmxx', '1', NULL, NULL);
INSERT INTO `tresource` VALUES ('cplmxx_px', '', '产品栏目信息_排序', '', 100, '/advertProduct/switchOrder', 'cplmxx', '1', NULL, NULL);
INSERT INTO `tresource` VALUES ('cplmxx_sc', '', '产品栏目信息_删除', '', 100, '/advertProduct/delete', 'cplmxx', '1', NULL, NULL);
INSERT INTO `tresource` VALUES ('cplmxx_tj', '', '产品栏目信息_添加', '', 100, '/advertProduct/add', 'cplmxx', '1', NULL, NULL);
INSERT INTO `tresource` VALUES ('cplmxx_tp', '', '产品栏目信息_图片', '', 100, '/advertProduct/icon', 'cplmxx', '1', NULL, NULL);
INSERT INTO `tresource` VALUES ('cpxxbj', '', '产品信息维护_编辑', '', 104, '/product/editProduct', 'cpxxgl', '1', 'id', 'select * from product where id = ');
INSERT INTO `tresource` VALUES ('cpxxbjym', '', '产品信息维护编辑页面', '', 103, '/product/showEditProductPage', 'cpxxgl', '1', NULL, NULL);
INSERT INTO `tresource` VALUES ('cpxxcx', '', '产品信息维护_查询', '', 100, '/product/dataGrid', 'cpxxgl', '1', NULL, NULL);
INSERT INTO `tresource` VALUES ('cpxxcyrs', '', '产品信息_参与人数', '', 105, '/product/productLimitPage', 'cpxxgl', '1', NULL, NULL);
INSERT INTO `tresource` VALUES ('cpxxcyrscx', '', '产品信息_参与人数查询', '', 106, '/productLimit/dataGrid', 'cpxxgl', '1', NULL, NULL);
INSERT INTO `tresource` VALUES ('cpxxgl', '', '产品信息维护', '', 100, '/product/manager', 'pzcppz', '0', NULL, NULL);
INSERT INTO `tresource` VALUES ('cpxxtj', '', '产品信息维护_添加', '', 102, '/product/addProduct', 'cpxxgl', '1', NULL, NULL);
INSERT INTO `tresource` VALUES ('cpxxtjym', '', '产品信息维护添加页面', '', 101, '/product/showAddProductPage', 'cpxxgl', '1', NULL, NULL);
INSERT INTO `tresource` VALUES ('cpxxwh_xzbj', '', '产品信息维护_限制编辑', '', 100, '/productLimit/editProductLimit', 'cpxxgl', '1', NULL, NULL);
INSERT INTO `tresource` VALUES ('cpxxwh_xzsc', '', '产品信息维护_限制删除', '', 100, '/productLimit/delProductLimitById', 'cplmxx', '1', NULL, NULL);
INSERT INTO `tresource` VALUES ('cpxxwh_xztj', '', '产品信息维护_限制添加', '', 100, '/productLimit/addProductLimit', 'cpxxgl', '1', NULL, NULL);
INSERT INTO `tresource` VALUES ('czjlfx', '', '充值记录分析', '', 100, '/rechargeAnalyse/manager', 'tzrxx', '0', NULL, NULL);
INSERT INTO `tresource` VALUES ('czjlfx_cl', '', '充值记录分析_处理', '', 100, '/rechargeAnalyse/process', 'czjlfx', '1', NULL, NULL);
INSERT INTO `tresource` VALUES ('czjlfx_lb', '', '充值分析记录', '', 100, '/rechargeAnalyse/dataGrid', 'czjlfx', '1', NULL, NULL);
INSERT INTO `tresource` VALUES ('czxx', '', '充值信息', '', 100, '/recharge/manager', 'tzrxx', '0', NULL, NULL);
INSERT INTO `tresource` VALUES ('czxxcx', '', '充值信息_查询', '', 101, '/recharge/dataGrid', 'czxx', '1', NULL, NULL);
INSERT INTO `tresource` VALUES ('czxx_cxqr', '', '充值信息_充值确认', '', 100, '/recharge/showConfirmRechargePage', 'czxx', '1', NULL, NULL);
INSERT INTO `tresource` VALUES ('czxx_cxtd', '', '查询支付通道信息', '', 100, '/recharge/syncRouter', 'czxx', '1', NULL, NULL);
INSERT INTO `tresource` VALUES ('czxx_dc', '', '充值信息_导出', '', 100, '/recharge/exportExcel', 'czxx', '1', NULL, NULL);
INSERT INTO `tresource` VALUES ('czxx_qr', '', '充值确认', '', 100, '/recharge/confirmRecharge', 'czxx', '1', NULL, NULL);
INSERT INTO `tresource` VALUES ('dcpdf', '', '导出pdf', '', 100, '/trade/exportPdf', 'pzxxzl', '1', NULL, NULL);
INSERT INTO `tresource` VALUES ('ddspmx_fh', '', '发货', '', 100, '/orderGoodsDetail/deliverGoods', 'ordergoodsdetail', '1', NULL, NULL);
INSERT INTO `tresource` VALUES ('ddspmx_lb', '', '订单商品明细列表', '', 100, '/orderGoodsDetail/dataGrid', 'ordergoodsdetail', '1', NULL, NULL);
INSERT INTO `tresource` VALUES ('ddspmx_qs', '', '签收货物', '', 100, '/orderGoodsDetail/confirmGoods', 'ordergoodsdetail', '1', NULL, NULL);
INSERT INTO `tresource` VALUES ('djfygz_bj', '', '编辑等级返佣规则', '', 100, '/grade/editGradeRebateRule', 'grade', '1', NULL, NULL);
INSERT INTO `tresource` VALUES ('djfygz_lb', '', '等级返佣规则列表', '', 100, '/grade/getGradeRebateRuleList', 'grade', '1', NULL, NULL);
INSERT INTO `tresource` VALUES ('djfygz_sc', '', '删除等级返佣规则', '', 100, '/grade/delGradeRebateRuleById', 'grade', '1', NULL, NULL);
INSERT INTO `tresource` VALUES ('djfygz_tj', '', '添加等级返佣规则', '', 100, '/grade/addGradeRebateRule', 'grade', '1', NULL, NULL);
INSERT INTO `tresource` VALUES ('djlb', '', '等级列表', '', 100, '/grade/dataGrid', 'grade', '1', NULL, NULL);
INSERT INTO `tresource` VALUES ('dqgl', '', '地区管理', '', 100, '/area/manager', 'xtgl', '0', NULL, NULL);
INSERT INTO `tresource` VALUES ('dqgl_gx', '', '地区管理_更新', '', 100, '/area/update', 'dqgl', '1', 'id', 'select * from tree where id = ');
INSERT INTO `tresource` VALUES ('dqgl_lb', '', '地区管理_列表', '', 100, '/area/dataGrid', 'dqgl', '1', NULL, NULL);
INSERT INTO `tresource` VALUES ('dqgl_sc', '', '地区管理_删除', '', 100, '/area/delete', 'dqgl', '1', 'id', 'select * from tree where id = ');
INSERT INTO `tresource` VALUES ('dqgl_tj', '', '地区管理_添加', '', 100, '/area/save', 'dqgl', '1', NULL, NULL);
INSERT INTO `tresource` VALUES ('dqpz', '', '配资到期查询', '配资到期查询', 160, '/trade/debt', 'ywgl', '0', NULL, NULL);
INSERT INTO `tresource` VALUES ('dqpzdc', '', '资源到期_导出', '', 162, '/trade/exportDebtTrade*', 'dqpz', '1', NULL, NULL);
INSERT INTO `tresource` VALUES ('dqpz_list', '', '到期合约列表', '到期合约列表', 161, '/trade/debtTradeList', 'dqpz', '1', NULL, NULL);
INSERT INTO `tresource` VALUES ('dxck', '', '短信查看', '查看短信', 211, '/smsController/manager', 'fzgl', '0', NULL, NULL);
INSERT INTO `tresource` VALUES ('dxck_cxye', '', '短信查看_查看余额', '短信查看_查看余额', 100, '/smsController/amount', 'dxck', '1', NULL, NULL);
INSERT INTO `tresource` VALUES ('dxsqd', '', '短信申请单', '', 100, '/smsController/smsApplyPage', 'fzgl', '0', NULL, NULL);
INSERT INTO `tresource` VALUES ('dxsqdtj', '', '添加短信申请单', '', 100, '/smsController/add', 'dxsqd', '1', NULL, NULL);
INSERT INTO `tresource` VALUES ('dxsqd_lb', '', '短信申请单列表', '', 100, '/smsController/msgApplyBill', 'dxsqd', '1', NULL, NULL);
INSERT INTO `tresource` VALUES ('dxxxcx', '', '短信信息_查询', '', 100, '/smsController/dataGrid', 'dxck', '1', NULL, NULL);
INSERT INTO `tresource` VALUES ('dxxxdc', '', '短信信息_导出', '短信信息_导出', 101, '/smsController/exportExcel', 'dxck', '1', NULL, NULL);
INSERT INTO `tresource` VALUES ('dybcgl', '', '订阅消息补偿管理', '订阅消息补偿管理', 140, '/subscribe/manage', 'xtgl', '0', NULL, NULL);
INSERT INTO `tresource` VALUES ('dyxxbc', '', '手动补偿', '', 100, '/subscribe/compensate', 'dybcgl', '1', NULL, NULL);
INSERT INTO `tresource` VALUES ('dyxxbc_lb', '', '订阅消息补偿列表', '', 100, '/subscribe/list', 'dybcgl', '1', NULL, NULL);
INSERT INTO `tresource` VALUES ('fkmbbj', '', '3.0风控模板_编辑', '', 102, '/riskTemplate/editRiskTemplate', 'fkmbgl', '1', 'id', 'select * from risk_template where id = ');
INSERT INTO `tresource` VALUES ('fkmbcj', '', '3.0风控模板_根据模板创建', '', 103, '/riskTemplate/addRiskTemplate', 'fkmbgl', '1', NULL, NULL);
INSERT INTO `tresource` VALUES ('fkmbgl', '', '3.0风控模板管理', '', 101, '/riskTemplate/manager', 'pzcppz', '0', NULL, NULL);
INSERT INTO `tresource` VALUES ('fkmbglcx', '', '3.0风控模板_查询', '', 100, '/riskTemplate/dataGrid', 'fkmbgl', '1', NULL, NULL);
INSERT INTO `tresource` VALUES ('fkmb_gz', '', '风控模板', '', 100, '/riskRuleController/getRiskRule', 'fkmbgl', '1', NULL, NULL);
INSERT INTO `tresource` VALUES ('fzgl', '', '辅助管理', '辅助管理', 210, '', '', '0', NULL, NULL);
INSERT INTO `tresource` VALUES ('glfcancel', '', '管理费单据_取消', '', 102, '/manageFeeBill/cancelManageFeeBill', 'glfdjxq', '1', NULL, NULL);
INSERT INTO `tresource` VALUES ('glfdjcx', '', '管理费单据_查询', '', 100, '/manageFeeBill/dataGrid', 'glfdjxq', '1', NULL, NULL);
INSERT INTO `tresource` VALUES ('glfdjxq', '', '管理费单据详情', '', 203, '/manageFeeBill/manager', 'ywgl', '0', NULL, NULL);
INSERT INTO `tresource` VALUES ('glfdjxq_tf', '', '退费', '', 100, '/manageFeeBill/retireManageFeeBill', 'glfdjxq', '1', NULL, NULL);
INSERT INTO `tresource` VALUES ('glfexport', '', '管理费单据_导出', '', 101, '/manageFeeBill/exportExcel', 'glfdjxq', '1', NULL, NULL);
INSERT INTO `tresource` VALUES ('glfrecovery', '', '管理费单据_恢复', '恢复取消的管理费单据', 100, '/manageFeeBill/recoveryManageFeeBill', 'yhqsqd', '1', NULL, NULL);
INSERT INTO `tresource` VALUES ('grade', '', '等级特权信息维护', '', 214, '/grade/manager', 'fzgl', '0', NULL, NULL);
INSERT INTO `tresource` VALUES ('grade_add', '', '等级特权_添加', '', 100, '/grade/addGrade', 'grade', '1', '', '');
INSERT INTO `tresource` VALUES ('grade_addGradeRule', '', '等级特权_添加返佣规则', '', 103, '/grade/gradeRebateRulePage', 'grade', '1', NULL, NULL);
INSERT INTO `tresource` VALUES ('grade_edit', '', '等级特权_编辑', '', 101, '/grade/editGrade', 'grade', '1', 'id', 'select * from grade where id = ');
INSERT INTO `tresource` VALUES ('grade_remove', '', '等级特权_删除', '', 102, '/grade/deleteGrade', 'grade', '1', NULL, NULL);
INSERT INTO `tresource` VALUES ('grkqxq', '', '客户信息_个人卡券详情', '', 113, '/customerController/showMemCouponInfo', 'khxx', '1', NULL, NULL);
INSERT INTO `tresource` VALUES ('hmdgl', '', '黑名单管理', '', 100, '/blacklist/manager', 'khjcxxgl', '0', NULL, NULL);
INSERT INTO `tresource` VALUES ('hmdgl_dc', '', '导出到Excel', '', 100, '/blacklist/exportToExcel', 'hmdgl', '1', NULL, NULL);
INSERT INTO `tresource` VALUES ('hmdgl_gx', '', '黑名单管理_更新', '', 100, '/blacklist/update', 'hmdgl', '1', 'telephone', 'select * from blacklist where telephone = ');
INSERT INTO `tresource` VALUES ('hmdgl_import', '', '导入Excel', '', 100, '/blacklist/importFromExcel', 'hmdgl', '1', NULL, NULL);
INSERT INTO `tresource` VALUES ('hmdgl_lb', '', '黑名单列表', '', 100, '/blacklist/dataGrid', 'hmdgl', '1', NULL, NULL);
INSERT INTO `tresource` VALUES ('hmdgl_sc', '', '黑名单管理_删除', '', 100, '/blacklist/delete', 'hmdgl', '1', NULL, NULL);
INSERT INTO `tresource` VALUES ('hsyh', '', '回收用户', '', 100, '/userCycle/manager', 'xtgl', '0', NULL, NULL);
INSERT INTO `tresource` VALUES ('hsyh_hs', '', '回收用户_回收', '', 100, '/userCycle/recyclePhone', 'hsyh', '1', NULL, NULL);
INSERT INTO `tresource` VALUES ('hsyh_lb', '', '回收用户_列表', '', 100, '/userCycle/dataGrid', 'hsyh', '1', NULL, NULL);
INSERT INTO `tresource` VALUES ('hygl_editPwd', 'joystick', '用户管理_修改密码_保存', '', 122, '/userController/editPwd', 'yhgl', '1', 'id', 'select * from tresource where id = ');
INSERT INTO `tresource` VALUES ('hygl_grant', 'anchor', '用户管理_授权', '', 129, '/userController/grant', 'yhgl', '1', NULL, NULL);
INSERT INTO `tresource` VALUES ('hygl_grantPage', 'medal_silver_delete', '用户管理_授权页面', '', 127, '/userController/grantPage', 'yhgl', '1', NULL, NULL);
INSERT INTO `tresource` VALUES ('hyshdz', '', '查看用户收货地址', '', 110, '/customerController/showMemberAddressPage', 'khxx', '1', NULL, NULL);
INSERT INTO `tresource` VALUES ('hyzjtzd', '', '用户资金调整单', '', 100, '/adjustmentBill/manager', 'khjcxxgl', '0', NULL, NULL);
INSERT INTO `tresource` VALUES ('jfhd', '', '积分活动', '积分活动', 230, '', '', '0', NULL, NULL);
INSERT INTO `tresource` VALUES ('jflscx', '', '积分流水查询', '', 23010, '/integral/manager', 'jfhd', '0', NULL, NULL);
INSERT INTO `tresource` VALUES ('jflscx1', '', '积分流水_查询', '', 2301010, '/integral/dataGrid', 'jflscx', '1', NULL, NULL);
INSERT INTO `tresource` VALUES ('jjrwh', '', '节假日维护', '', 104, '/holiday/manager', 'xtgl', '0', NULL, NULL);
INSERT INTO `tresource` VALUES ('jjrwh_bj', '', '编辑', '', 100, '/holiday/editHoliday', 'jjrwh', '1', NULL, NULL);
INSERT INTO `tresource` VALUES ('jjrwh_lb', '', '节假日列表', '', 100, '/holiday/dataGrid', 'jjrwh', '1', NULL, NULL);
INSERT INTO `tresource` VALUES ('jjrwh_sc', '', '删除', '', 100, '/holiday/deleteHoliday', 'jjrwh', '1', NULL, NULL);
INSERT INTO `tresource` VALUES ('jjrwh_tb', '', '同步节假日', '', 100, '/holiday/syncHoliday', 'jjrwh', '1', NULL, NULL);
INSERT INTO `tresource` VALUES ('jjrwh_tj', '', '添加节假日', '', 100, '/holiday/addHoliday', 'jjrwh', '1', NULL, NULL);
INSERT INTO `tresource` VALUES ('jsgl', 'tux', '角色管理', NULL, 3, '/roleController/manager', 'xtgl', '0', NULL, NULL);
INSERT INTO `tresource` VALUES ('jsgl_add', '', '角色管理_添加_保存', '角色管理_添加_保存', 103, '/roleController/add', 'jsgl', '1', NULL, NULL);
INSERT INTO `tresource` VALUES ('jsgl_add_page', 'xhtml', '角色管理_添加', '角色管理_添加', 101, '/roleController/addPage', 'jsgl', '1', NULL, NULL);
INSERT INTO `tresource` VALUES ('jsgl_delete', '', '角色管理_删除', '角色管理删除', 130, '/roleController/delete', 'jsgl', '1', '', ' ');
INSERT INTO `tresource` VALUES ('jsgl_edit', 'transmit', '角色管理_编辑_保存', '', 108, '/roleController/edit', 'jsgl', '1', 'id', 'select * from trole where id = ');
INSERT INTO `tresource` VALUES ('jsgl_edit_page', 'transmit_edit', '角色管理_编辑', '', 107, '/roleController/editPage', 'jsgl', '1', NULL, NULL);
INSERT INTO `tresource` VALUES ('jsgl_grant', 'anchor', '角色管理_授权', '', 129, '/roleController/grant', 'jsgl', '1', 'id', 'select group_concat(TRESOURCE_ID) from trole_tresource AS resourceId where TROLE_ID =');
INSERT INTO `tresource` VALUES ('jsgl_grantPage', 'medal_silver_delete', '角色管理_授权页面', '', 127, '/roleController/grantPage', 'jsgl', '1', NULL, NULL);
INSERT INTO `tresource` VALUES ('jsgl_query', 'xhtml_add', '角色管理_查询', '角色管理_查询', 100, '/roleController/dataGrid', 'jsgl', '1', NULL, NULL);
INSERT INTO `tresource` VALUES ('khbdyhkcx', '', '客户绑定银行卡查询', '', 106, '/customerController/getBanksInfo', 'khxx', '1', NULL, NULL);
INSERT INTO `tresource` VALUES ('khdjxx', NULL, '客户等级信息', NULL, 107, '/customerController/gradeInfo', 'khxx', '1', NULL, NULL);
INSERT INTO `tresource` VALUES ('khjbxx', '', '查看用户金币', '', 108, '/customerController/showMemberCoin', 'khxx', '1', NULL, NULL);
INSERT INTO `tresource` VALUES ('khjcxxgl', '', '客户基础信息管理', '客户基础信息管理', 200, '', '', '0', NULL, NULL);
INSERT INTO `tresource` VALUES ('khxx', '', '客户信息', '客户信息', 100, '/customerController/manager', 'khjcxxgl', '0', NULL, NULL);
INSERT INTO `tresource` VALUES ('khxxcx', '', '客户信息_查询', '客户信息查询', 101, '/customerController/dataGrid', 'khxx', '1', NULL, NULL);
INSERT INTO `tresource` VALUES ('khxxfsdxym', '', '发送短信页面', '', 108, '/customerController/sendMessagePage', 'khxx', '1', NULL, NULL);
INSERT INTO `tresource` VALUES ('khxxhj', '', '用户资金合计', '', 107, '/customerController/sumAccountAmountPage', 'khxx', '1', NULL, NULL);
INSERT INTO `tresource` VALUES ('khxxsddz', '', '手工调账', '', 106, '/customerController/addAdjustmentBill', 'khxx', '1', NULL, NULL);
INSERT INTO `tresource` VALUES ('khxxsddzym', '', '手工调账页面', '', 105, '/customerController/manualAdjustPage', 'khxx', '1', NULL, NULL);
INSERT INTO `tresource` VALUES ('khxxxgsjh', '', '用户信息变更页面', '', 115, '/customerController/showMemChangePage', 'khxx', '1', NULL, NULL);
INSERT INTO `tresource` VALUES ('khxxxgsjhcx', '', '用户信息变更记录查询', '', 117, '/customerController/getMemChangeRecord', 'khxx', '1', NULL, NULL);
INSERT INTO `tresource` VALUES ('khxxxx', '', '客户信息详细', '客户信息详细内容展示', 102, '/customerController/showMemberDetail', 'khxx', '1', NULL, NULL);
INSERT INTO `tresource` VALUES ('khxxzjlscx', '', '客户资金流水查询', '', 100, '/customerController/getAssetsIoRecordList', 'khxx', '1', NULL, NULL);
INSERT INTO `tresource` VALUES ('khxx_bjsj', '', '编辑用户事件', '', 100, '/customerController/editRecordEvent', 'khxx', '1', NULL, NULL);
INSERT INTO `tresource` VALUES ('khxx_bjsm', '', '修改实名认证信息', '', 100, '/customerController/editRealAuthInfo', 'khxx', '1', '', '');
INSERT INTO `tresource` VALUES ('khxx_cksj', '', '查看事件_客户信息', '', 100, '/customerController/showRecordEvent', 'khxx', '1', NULL, NULL);
INSERT INTO `tresource` VALUES ('khxx_dcyhsj', '', '导出用户事件', '', 100, '/customerController/recordEvent/toExcel', 'khxx', '1', NULL, NULL);
INSERT INTO `tresource` VALUES ('khxx_jb', '', '客户信息_解绑银行卡', '', 100, '/customerController/unbindBank', 'khxx', '1', NULL, NULL);
INSERT INTO `tresource` VALUES ('khxx_jbjl', '', '客户银行卡解绑记录', '', 100, '/customerController/unbindCardList', 'khxx', '1', NULL, NULL);
INSERT INTO `tresource` VALUES ('khxx_jlsj', '', '记录事件_客户信息', '', 100, '/customerController/recordEvent', 'khxx', '1', NULL, NULL);
INSERT INTO `tresource` VALUES ('khxx_offline', '', '线下打款', '线下打款', 100, '/recharge/offline', 'khxx', '1', NULL, NULL);
INSERT INTO `tresource` VALUES ('khxx_scgrkq', '', '客户信息_生成个人卡券', '', 100, '/customerController/createCoupon', 'khxx', '1', NULL, NULL);
INSERT INTO `tresource` VALUES ('khxx_scsj', '', '删除用户事件', '', 100, '/customerController/delRecordEvent', 'khxx', '1', NULL, NULL);
INSERT INTO `tresource` VALUES ('khxx_shdzlb', '', '用户收货地址列表', '', 100, '/customerController/getMemberAddressList', 'khxx', '1', NULL, NULL);
INSERT INTO `tresource` VALUES ('khxx_wh', '', '客户信息_外呼', '客户信息_外呼', 120, '/customerController/callOut', 'khxx', '1', NULL, NULL);
INSERT INTO `tresource` VALUES ('khxx_xgdj', '', '客户信息_修改等级', '', 100, '/customerController/editLevel', 'sjhzcdjwh', '1', 'id', 'select id,telephone,level from member where id = ');
INSERT INTO `tresource` VALUES ('khxx_xgkhh', '', '修改开户行信息', '', 100, '/customerController/modifyCardInfo', 'khxx', '1', NULL, NULL);
INSERT INTO `tresource` VALUES ('khxx_xgzt', '', '客户信息_修改状态', '', 100, '/customerController/editMemStatus', 'khxx', '1', 'id', 'select id,telephone,status,remark from member where id = ');
INSERT INTO `tresource` VALUES ('khzcxx', '', '客户资产信息一览', '客户资产信息一览', 103, '/customerController/showMemberAccount', 'khxx', '1', NULL, NULL);
INSERT INTO `tresource` VALUES ('khzjlsxx', '', '客户资金流水信息', '显示客户资金流水信息', 104, '/customerController/showAssetsIoRecords', 'khxx', '1', NULL, NULL);
INSERT INTO `tresource` VALUES ('kqcx', '', '卡券查询', '', 105, '/coupon/manager', 'ywgl', '0', NULL, NULL);
INSERT INTO `tresource` VALUES ('kqcx_lb', '', '卡券列表', '', 100, '/coupon/dataGrid', 'kqcx', '1', NULL, NULL);
INSERT INTO `tresource` VALUES ('kqmxgl', '', '卡券模型管理', '', 106, '/couponModel/manager', 'khjcxxgl', '0', NULL, NULL);
INSERT INTO `tresource` VALUES ('kqmxglbj', '', '卡券模型_编辑', '', 102, '/couponModel/editCouponModel', 'kqmxgl', '1', 'id', 'select * from couponmodel where id = ');
INSERT INTO `tresource` VALUES ('kqmxglcx', '', '卡券模型_查询', '', 100, '/couponModel/dataGrid', 'kqmxgl', '1', NULL, NULL);
INSERT INTO `tresource` VALUES ('kqmxglpltj', '', '卡券模型_批量添加', '', 104, '/couponModel/addCoupons', 'kqmxgl', '1', NULL, NULL);
INSERT INTO `tresource` VALUES ('kqmxgltj', '', '卡券模型_添加', '', 101, '/couponModel/addCouponModel', 'kqmxgl', '1', NULL, NULL);
INSERT INTO `tresource` VALUES ('kqmxgl_bj', '', '卡券模型管理_编辑', '', 100, '/couponModel/showEditCouponModelPage', 'kqmxgl', '1', NULL, NULL);
INSERT INTO `tresource` VALUES ('kqmxgl_plsc', '', '批量生成优惠券', '', 100, '/couponModel/showAddCouponsPage', 'kqmxgl', '1', NULL, NULL);
INSERT INTO `tresource` VALUES ('kqmxgl_sc', '', '卡券模型管理_删除', '', 100, '/couponModel/removeCouponModel', 'kqmxgl', '1', NULL, NULL);
INSERT INTO `tresource` VALUES ('kqmxgl_tj', '', '卡券模型管理_添加', '', 100, '/couponModel/showAddCouponModelPage', 'kqmxgl', '1', NULL, NULL);
INSERT INTO `tresource` VALUES ('kqsqd_lb', '', '卡券申请单列表', '', 100, '/couponApply/dataGrid', 'yhqsqd', '1', NULL, NULL);
INSERT INTO `tresource` VALUES ('lrtq', '', '利润提取查询', '', 213, '/profitorder/manager', 'fzgl', '0', NULL, NULL);
INSERT INTO `tresource` VALUES ('lrtqcx', '', '利润提取_查询', '', 100, '/profitorder/dataGrid', 'lrtq', '1', NULL, NULL);
INSERT INTO `tresource` VALUES ('lrtqdc', '', '利润提取_导出', '', 101, '/profitorder/exportExcel', 'lrtq', '1', NULL, NULL);
INSERT INTO `tresource` VALUES ('lrtq_btg', '', '审核不通过_利润提取', '', 100, '/profitorder/audit', 'lrtq', '1', NULL, NULL);
INSERT INTO `tresource` VALUES ('ordergoodsdetail', '', '订单商品明细', '', 403, '/orderGoodsDetail/manager', 'spxxgl', '0', NULL, NULL);
INSERT INTO `tresource` VALUES ('plfs', '', '批量发送短信', '', 105, '/smsController/batchSend', 'dxsqd', '1', NULL, NULL);
INSERT INTO `tresource` VALUES ('pzcppz', '', '产品信息配置', '配资产品配置', 110, '', '', '0', NULL, NULL);
INSERT INTO `tresource` VALUES ('pzxxzl', '', '配资信息总览', '配资信息总览', 121, '/trade/manage', 'ywgl', '0', NULL, NULL);
INSERT INTO `tresource` VALUES ('pzxxzl_hycc', '', '查询合约持仓', '', 100, '/trade/queryPosition', 'pzxxzl', '1', NULL, NULL);
INSERT INTO `tresource` VALUES ('pzxxzl_hypc', '', '合约平仓', '', 100, '/trade/sell', 'pzxxzl', '1', NULL, NULL);
INSERT INTO `tresource` VALUES ('pzxxzl_hyxq', '', '合约详情', '', 100, '/trade/detail', 'pzxxzl', '1', NULL, NULL);
INSERT INTO `tresource` VALUES ('pzxxzl_sdyq', '', '合约手动延期', '', 100, '/trade/extendMan', 'pzxxzl', '1', 'id ', 'select * from wftransaction where id = ');
INSERT INTO `tresource` VALUES ('pz_end', '', '终止操盘', '终止操盘', 122, '/trade/endTrade', 'pzxxzl', '1', NULL, NULL);
INSERT INTO `tresource` VALUES ('pz_export', '', '导出', '', 126, '/trade/exportExcel', 'pzxxzl', '1', NULL, NULL);
INSERT INTO `tresource` VALUES ('pz_frozen', '', '冻结合约', '冻结合约', 124, '/trade/frozenTrade', 'pzxxzl', '1', 'id', 'select * from wftransaction where id = ');
INSERT INTO `tresource` VALUES ('pz_hybhxx', '', '合约变化信息', '', 128, '/trade/getWfChangeRecordList', 'pzxxzl', '1', NULL, NULL);
INSERT INTO `tresource` VALUES ('pz_limitBuy', '', '限制买入卖出', '限制买入卖出', 125, '/trade/limitBuy', 'pzxxzl', '1', 'id', 'select * from transactionaccount where id =');
INSERT INTO `tresource` VALUES ('pz_list', '', '配资信息列表', '配资信息列表', 121, '/trade/tradelist', 'pzxxzl', '1', NULL, NULL);
INSERT INTO `tresource` VALUES ('pz_settlement', '', '手工结算', '手工结算', 123, '/trade/manualSettlement', 'pzxxzl', '1', NULL, NULL);
INSERT INTO `tresource` VALUES ('pz_sgpz', '', '配资_手工配资', '', 100, '/trade/create', 'pzxxzl', '1', NULL, NULL);
INSERT INTO `tresource` VALUES ('pz_showWfChangeRecord', '', '显示合约变化信息', '右键事件_显示合约变化信息', 127, '/trade/showWfChangeRecord', 'pzxxzl', '1', NULL, NULL);
INSERT INTO `tresource` VALUES ('qxshtg', '', '取消审核通过', '', 103, '/smsController/cancleAudit', 'dxsqd', '1', NULL, NULL);
INSERT INTO `tresource` VALUES ('reduceorder', '', '缩小合约', '', 100, '/reduceOrder/manage', 'fzgl', '0', NULL, NULL);
INSERT INTO `tresource` VALUES ('reduceorderauditFail', '', '缩小合约_单据审核不通过', '缩小合约_单据审核不通过', 200, '/reduceOrder/auditFailFun', 'reduceorder', '1', NULL, NULL);
INSERT INTO `tresource` VALUES ('reduceorderexport', '', '缩小合约_导出', '', 101, '/reduceOrder/exportExcel', 'reduceorder', '1', NULL, NULL);
INSERT INTO `tresource` VALUES ('reduceordersearch', '', '缩小合约_查询', '', 100, '/reduceOrder/dataGrid', 'reduceorder', '1', NULL, NULL);
INSERT INTO `tresource` VALUES ('scdxsqd', '', '删除短信申请单', '', 104, '/smsController/remove', 'dxsqd', '1', NULL, NULL);
INSERT INTO `tresource` VALUES ('scheduleJob_manage', '', '系统任务管理', '系统任务管理', 100, '/schedule/manager', 'xtgl', '0', NULL, NULL);
INSERT INTO `tresource` VALUES ('schedule_add', '', '添加任务', '添加任务', 105, '/schedule/add', 'scheduleJob_manage', '1', NULL, NULL);
INSERT INTO `tresource` VALUES ('schedule_addPage', '', '任务添加页面', '任务添加页面', 100, '/schedule/addPage', 'scheduleJob_manage', '1', NULL, NULL);
INSERT INTO `tresource` VALUES ('schedule_edit', '', '任务编辑', '任务编辑', 125, '/schedule/edit', 'scheduleJob_manage', '1', NULL, NULL);
INSERT INTO `tresource` VALUES ('schedule_editPage', '', '任务编辑页面', '任务编辑页面', 120, '/schedule/editPage', 'scheduleJob_manage', '1', NULL, NULL);
INSERT INTO `tresource` VALUES ('schedule_list', '', '任务列表', '任务列表', 100, '/schedule/dataGrid', 'scheduleJob_manage', '1', NULL, NULL);
INSERT INTO `tresource` VALUES ('scwj', '', '上传', '', 100, '/global/upload', 'appgl', '1', NULL, NULL);
INSERT INTO `tresource` VALUES ('scyhq', '', '客户信息_生成优惠券', '', 112, '/customerController/createMemCoupon', 'khxx', '1', NULL, NULL);
INSERT INTO `tresource` VALUES ('sendmessage', '', '发送短信', '', 111, '/customerController/sendMessage', 'khxx', '1', NULL, NULL);
INSERT INTO `tresource` VALUES ('shdxsqd', '', '审核通过', '', 102, '/smsController/audit', 'dxsqd', '1', NULL, NULL);
INSERT INTO `tresource` VALUES ('sjhzcdjwh', '', '手机号注册等级维护', '', 100, '/mobileZone/manager', 'khjcxxgl', '0', NULL, NULL);
INSERT INTO `tresource` VALUES ('sjhzcdjwh_djgx', '', '手机号注册等级维护_更新', '', 100, '/mobileZone/levelSave', 'sjhzcdjwh', '1', NULL, NULL);
INSERT INTO `tresource` VALUES ('sjhzcdjwh_dqhmdlb', '', '手机号注册等级维护_地区号码段列表', '', 100, '/mobileZone/zoneDataGrid', 'sjhzcdjwh', '1', NULL, NULL);
INSERT INTO `tresource` VALUES ('sjhzcdjwh_lb', '', '手机号注册等级维护_列表', '', 100, '/mobileZone/dataGrid', 'sjhzcdjwh', '1', NULL, NULL);
INSERT INTO `tresource` VALUES ('sjhzcdjwh_sc', '', '手机号注册等级维护_删除', '', 100, '/mobileZone/delete', 'sjhzcdjwh', '1', NULL, NULL);
INSERT INTO `tresource` VALUES ('SJZD', 'book_addresses', '网站基础数据管理', '网站基础数据管理', 220, '', '', '0', NULL, NULL);
INSERT INTO `tresource` VALUES ('SJZDB', 'book_open', '数据字典管理', '数据字典管理', 151, '/dictionaryController/manager', 'SJZD', '0', NULL, NULL);
INSERT INTO `tresource` VALUES ('SJZDCX', '', '数据字典管理__查询', '数据字典管理——查询', 151, '/dictionaryController/dataGrid', 'SJZDB', '1', NULL, NULL);
INSERT INTO `tresource` VALUES ('sjzdgl_bj', '', '数据字典_编辑', '', 100, '/dictionaryController/edit', 'SJZDB', '1', NULL, NULL);
INSERT INTO `tresource` VALUES ('SJZDMX_Add', 'anchor', '数据字典明细添加', '数据字典明细添加', 100, '/dictionaryController/addDetail', 'SJZDB', '1', NULL, NULL);
INSERT INTO `tresource` VALUES ('sjzdmx_sc', '', '数据字典明细_删除', '', 100, '/dictionaryController/delDetail', 'SJZDB', '1', NULL, NULL);
INSERT INTO `tresource` VALUES ('SJZD_ADD', 'arrow_green', '数据字典_添加', '添加数据字典', 100, '/dictionaryController/addPage', 'SJZDB', '1', NULL, NULL);
INSERT INTO `tresource` VALUES ('sjzd_add_Detail', '', '添加字典类型', '', 100, '/dictionaryController/add', 'SJZDB', '1', NULL, NULL);
INSERT INTO `tresource` VALUES ('SJZD_EDIT', 'arrow_green', '数据字典_修改', '数据字典修改', 100, '/dictionaryController/editPage', 'SJZDB', '1', NULL, NULL);
INSERT INTO `tresource` VALUES ('SJZD_MX', 'folder_wrench', '数据字典明细', '数据字典明细', 100, '/dataDictionaryDetailController/detailUI', 'SJZDB', '1', NULL, NULL);
INSERT INTO `tresource` VALUES ('SJZD_MXY', 'arrow_green', '数据字典明细添加页', '数据字典明细添加页面', 100, '/dictionaryController/addDetailPage', 'SJZDB', '1', NULL, NULL);
INSERT INTO `tresource` VALUES ('SJZD_MX_ADD', 'anchor', '数据字典明细_列表', '数据字典明细列表', 100, '/dataDictionaryDetailController/manager', 'SJZDB', '1', NULL, NULL);
INSERT INTO `tresource` VALUES ('SJZD_MX_EDIT', 'anchor', '数据字典明细_编辑', '数据字典明细编辑', 100, '/dictionaryController/editDetail', 'SJZDB', '1', NULL, NULL);
INSERT INTO `tresource` VALUES ('sjzd_sc', '', '删除数据字典', '', 100, '/dictionaryController/delete', 'SJZDB', '1', NULL, NULL);
INSERT INTO `tresource` VALUES ('spddmx', '', '订单商品明细_订单详情', '', 100, '/orderGoodsDetail/showGoodOrder', 'ordergoodsdetail', '1', NULL, NULL);
INSERT INTO `tresource` VALUES ('spgl', 'asterisk_orange', '商品管理', '商品管理', 1, '/goods/toGoods', 'spxxgl', '0', NULL, NULL);
INSERT INTO `tresource` VALUES ('spgl_lb', '', '商品列表', '', 100, '/goods/goodsList', 'spgl', '1', NULL, NULL);
INSERT INTO `tresource` VALUES ('spxxgl', 'anchor', '商品信息管理', '商品基本信息管理', 400, '', '', '0', NULL, NULL);
INSERT INTO `tresource` VALUES ('sp_add', '', '商品添加', '商品添加', 1, '/goods/add', 'spgl', '1', NULL, NULL);
INSERT INTO `tresource` VALUES ('sp_delete', '', '删除商品', '商品删除', 3, '/goods/remove', 'spgl', '1', NULL, NULL);
INSERT INTO `tresource` VALUES ('sp_edit', '', '商品编辑', '商品编辑', 2, '/goods/edit', 'spgl', '1', NULL, NULL);
INSERT INTO `tresource` VALUES ('sp_onsale', '', '商品上架/下架', '商品上架/下架', 4, '/goods/onSale', 'spgl', '1', NULL, NULL);
INSERT INTO `tresource` VALUES ('sp_to_addPage', '', '商品添加页面', '商品添加页面', 5, '/goods/toAdd', 'spgl', '1', NULL, NULL);
INSERT INTO `tresource` VALUES ('sp_to_editPage', '', '商品编辑页面', '商品编辑页面', 6, '/goods/toEdit', 'spgl', '1', NULL, NULL);
INSERT INTO `tresource` VALUES ('systemlog', '', '系统操作日志', '', 103, '/systemLog/manager', 'xtgl', '0', NULL, NULL);
INSERT INTO `tresource` VALUES ('systemlog_query', '', '系统日志_查询', '', 100, '/systemLog/dataGrid', 'systemlog', '1', NULL, NULL);
INSERT INTO `tresource` VALUES ('tgmgl_tgmx', '', '推广明细', '', 100, '/track/tradeTrack', 'tjm_gl', '1', NULL, NULL);
INSERT INTO `tresource` VALUES ('tgm_add', '', '新增推广码', '新增推广码', 100, '/track/add', 'tjm_gl', '1', NULL, NULL);
INSERT INTO `tresource` VALUES ('tgm_detail', '', '推广码明细', '推广码明细', 100, '/track/detail', 'tjm_gl', '1', NULL, NULL);
INSERT INTO `tresource` VALUES ('tgm_edit', '', '修改推广码', '修改推广码', 100, '/track/edit', 'tjm_gl', '1', NULL, NULL);
INSERT INTO `tresource` VALUES ('tgm_excel', '', '推广码excel导出', '推广码excel导出', 100, '/track/exportExcel', 'tjm_gl', '1', NULL, NULL);
INSERT INTO `tresource` VALUES ('tjfkgz', '', '添加风控规则', '', 105, '/riskRuleController/getRiskRule', 'fkmbgl', '1', NULL, NULL);
INSERT INTO `tresource` VALUES ('tjfkgzym', '', '添加风控规则页面', '', 104, '/riskTemplate/riskRulePage', 'fkmbgl', '1', NULL, NULL);
INSERT INTO `tresource` VALUES ('tjm_gl', '', '推广码管理', '推广码管理', 100, '/track/manage', 'khjcxxgl', '0', NULL, NULL);
INSERT INTO `tresource` VALUES ('tjm_list', '', '推广码列表', '推广码列表', 100, '/track/list', 'tjm_gl', '1', NULL, NULL);
INSERT INTO `tresource` VALUES ('tkdgl_jc', '', '异常检查_提款单', '', 100, '/drawOrder/check', 'tksp', '1', NULL, NULL);
INSERT INTO `tresource` VALUES ('tksp', '', '提款审批', '', 202, '/drawOrder/manager', 'tzrxx', '0', NULL, NULL);
INSERT INTO `tresource` VALUES ('tkspbfdc', '', '提款审批_宝付导出', '', 102, '/drawOrder/exportExcelBaoFu', 'tksp', '1', NULL, NULL);
INSERT INTO `tresource` VALUES ('tkspch', '', '提款审批_撤回', '', 107, '/drawOrder/recall', 'tksp', '1', NULL, NULL);
INSERT INTO `tresource` VALUES ('tkspcx', '', '提款审批_查询', '', 98, '/drawOrder/dataGrid', 'tksp', '1', NULL, NULL);
INSERT INTO `tresource` VALUES ('tkspdc', '', '提款审批_导出', '', 106, '/drawOrder/exportExcel', 'tksp', '1', NULL, NULL);
INSERT INTO `tresource` VALUES ('tkspsp', '', '提款审批', '', 100, '/drawOrder/draworderApprove', 'tksp', '1', NULL, NULL);
INSERT INTO `tresource` VALUES ('tkspym', '', '提款审批页面', '', 99, '/drawOrder/showApprovePage', 'tksp', '1', NULL, NULL);
INSERT INTO `tresource` VALUES ('tkspzhdc', '', '提款审批_智慧导出', '', 105, '/drawOrder/exportExcelZhiHui', 'tksp', '1', NULL, NULL);
INSERT INTO `tresource` VALUES ('tksp_bh', '', '提款审批_驳回', '', 100, '/drawOrder/draworderReject', 'tksp', '1', NULL, NULL);
INSERT INTO `tresource` VALUES ('tksp_fk', '', '提款审批_放款', '', 100, '/drawOrder/discharge', 'tksp', '1', NULL, NULL);
INSERT INTO `tresource` VALUES ('tksp_fkqr', '', '提款审批_放款确认', '', 100, '/drawOrder/dischargeConfirm', 'tksp', '1', NULL, NULL);
INSERT INTO `tresource` VALUES ('tksp_sp', '', '提款审批', '', 100, '/drawOrder/audit', 'tksp', '1', NULL, NULL);
INSERT INTO `tresource` VALUES ('tzrxx', '', '充值提款', '', 201, '', '', '0', NULL, NULL);
INSERT INTO `tresource` VALUES ('user_edit_pass', '', '修改密码', '修改密码', 152, '/loginController/editCurrentUserPwd', 'xtgl', '1', NULL, NULL);
INSERT INTO `tresource` VALUES ('user_edit_pass_page', '', '修改密码页面', '修改密码页面', 151, '/loginController/editCurrentUserPwdPage', 'xtgl', '1', NULL, NULL);
INSERT INTO `tresource` VALUES ('user_login', '', '系统用户登录', '系统用户登录', 150, '/loginController/login', 'xtgl', '1', NULL, NULL);
INSERT INTO `tresource` VALUES ('wjgl', '', '问卷管理', '', 100, '/question/manager', 'jfhd', '0', NULL, NULL);
INSERT INTO `tresource` VALUES ('wjgl_bj', '', '编辑问卷', '', 100, '/question/naire/edit', 'wjgl', '1', NULL, NULL);
INSERT INTO `tresource` VALUES ('wjgl_px', '', '问题排序', '', 100, '/question/switchOrder', 'wjgl', '1', NULL, NULL);
INSERT INTO `tresource` VALUES ('wjgl_sc', '', '删除问卷', '', 100, '/question/naire/delete', 'wjgl', '1', NULL, NULL);
INSERT INTO `tresource` VALUES ('wjgl_tj', '', '添加问卷', '', 100, '/question/naire/add', 'wjgl', '1', NULL, NULL);
INSERT INTO `tresource` VALUES ('wjgl_wjlb', '', '问卷列表', '', 100, '/question/dataGrid', 'wjgl', '1', NULL, NULL);
INSERT INTO `tresource` VALUES ('wjgl_wtbj', '', '编辑问题', '', 100, '/question/edit', 'wjgl', '1', NULL, NULL);
INSERT INTO `tresource` VALUES ('wjgl_wtlb', '', '问题列表', '', 100, '/question/dataGridQuestion', 'wjgl', '1', NULL, NULL);
INSERT INTO `tresource` VALUES ('wjgl_wtsc', '', '删除问题', '', 100, '/question/delete', 'wjgl', '1', NULL, NULL);
INSERT INTO `tresource` VALUES ('wjgl_wttj', '', '添加问题', '', 100, '/question/add', 'wjgl', '1', NULL, NULL);
INSERT INTO `tresource` VALUES ('wxcdbj', '', '微信菜单编辑页面', '', 103, '/weiXinMenu/editPage', 'wxcdgl', '1', NULL, NULL);
INSERT INTO `tresource` VALUES ('wxcdgl', '', '微信菜单管理', '', 104, '/weiXinMenu/manager', 'ywgl', '0', NULL, NULL);
INSERT INTO `tresource` VALUES ('wxcdglbj', '', '微信菜单_编辑', '', 104, '/weiXinMenu/edit', 'wxcdgl', '1', NULL, NULL);
INSERT INTO `tresource` VALUES ('wxcdgl_lb', '', '微信菜单列表', '', 100, '/weiXinMenu/treeGrid', 'wxcdgl', '1', NULL, NULL);
INSERT INTO `tresource` VALUES ('wxcdsc', '', '微信菜单删除', '', 105, '/weiXinMenu/delete', 'wxcdgl', '1', NULL, NULL);
INSERT INTO `tresource` VALUES ('wxcdtb', '', '微信菜单_同步', '', 106, '/weiXinMenu/syncWeixinMenu', 'wxcdgl', '1', NULL, NULL);
INSERT INTO `tresource` VALUES ('wxcdtjym', '', '微信菜单添加页面', '', 100, '/weiXinMenu/addPage', 'wxcdgl', '1', NULL, NULL);
INSERT INTO `tresource` VALUES ('wxcdymtj', '', '微信菜单_添加', '', 102, '/weiXinMenu/add', 'wxcdgl', '1', NULL, NULL);
INSERT INTO `tresource` VALUES ('xtgl', 'plugin', '系统管理', '', 1, '', '', '0', NULL, NULL);
INSERT INTO `tresource` VALUES ('xtrwgl_gxrwzxbds', '', '更新任务执行表达式', '', 100, '/schedule/updateJobCron', 'scheduleJob_manage', '1', NULL, NULL);
INSERT INTO `tresource` VALUES ('xtrwgl_hfrw', '', '恢复任务', '', 100, '/schedule/resumeJob', 'scheduleJob_manage', '1', NULL, NULL);
INSERT INTO `tresource` VALUES ('xtrwgl_ljzx', '', '系统任务管理_立即执行', '', 100, '/schedule/runAJobNow', 'scheduleJob_manage', '1', NULL, NULL);
INSERT INTO `tresource` VALUES ('xtrwgl_rwkagb', '', '任务开启 | 关闭', '', 100, '/schedule/enableJob', 'scheduleJob_manage', '1', NULL, NULL);
INSERT INTO `tresource` VALUES ('xtrwgl_ztrw', '', '暂停任务', '', 100, '/schedule/pauseJob', 'scheduleJob_manage', '1', NULL, NULL);
INSERT INTO `tresource` VALUES ('xtrwrz', '', '系统任务日志', '', 101, '/scheduleJobLog/manager', 'xtgl', '0', NULL, NULL);
INSERT INTO `tresource` VALUES ('xtrwrzcx', '', '系统任务日志_查询', '', 100, '/scheduleJobLog/dataGrid', 'xtrwrz', '1', NULL, NULL);
INSERT INTO `tresource` VALUES ('xtxj_jz', '', '系统巡检_加载', '', 100, '/systemCheck/loadItems', 'xxxj', '1', NULL, NULL);
INSERT INTO `tresource` VALUES ('xxgl', '', '消息管理', '', 100, '/message/manager', 'zngl', '0', NULL, NULL);
INSERT INTO `tresource` VALUES ('xxgl_cshxxlx', '', '消息管理_初始化消息类型', '', 100, '/message/initMessageType', 'xxgl', '1', NULL, NULL);
INSERT INTO `tresource` VALUES ('xxgl_lb', '', '消息列表', '', 100, '/message/dataGrid', 'xxgl', '1', NULL, NULL);
INSERT INTO `tresource` VALUES ('xxgl_xxfz', '', '初始化最新公告活动消息', '', 100, '/message/initMessageGroup', 'xxgl', '1', NULL, NULL);
INSERT INTO `tresource` VALUES ('xxsqdgl', '', '消息申请单管理', '', 200, '/messageApplyBill/manager', 'zngl', '0', NULL, NULL);
INSERT INTO `tresource` VALUES ('xxsqdgl_bj', '', '消息申请单管理_编辑', '', 100, '/messageApplyBill/editApplyBill', 'xxsqdgl', '1', NULL, NULL);
INSERT INTO `tresource` VALUES ('xxsqdgl_lb', '', '消息申请单_列表', '', 100, '/messageApplyBill/dataGrid', 'xxsqdgl', '1', NULL, NULL);
INSERT INTO `tresource` VALUES ('xxsqdgl_scxx', '', '消息申请单管理_生成消息', '', 100, '/messageApplyBill/makeMessage', 'xxsqdgl', '1', 'id', 'select * from messageapplybill where id = ');
INSERT INTO `tresource` VALUES ('xxsqdgl_sh', '', '消息申请单管理_审核', '', 100, '/messageApplyBill/auditApplyBill', 'xxsqdgl', '1', NULL, NULL);
INSERT INTO `tresource` VALUES ('xxsqdgl_tj', '', '消息申请单管理_添加', '', 100, '/messageApplyBill/addApplyBill', 'xxsqdgl', '1', NULL, NULL);
INSERT INTO `tresource` VALUES ('xxxj', '', '系统巡检', '', 102, '/systemCheck/manager', 'xtgl', '0', NULL, NULL);
INSERT INTO `tresource` VALUES ('xxxjcx', '', '系统巡检_查询', '', 100, '/systemCheck/pageModel', 'xxxj', '1', NULL, NULL);
INSERT INTO `tresource` VALUES ('xzgpgl', '', '限制股票管理', '', 100, '/stockLimit/manager', 'ywgl', '0', NULL, NULL);
INSERT INTO `tresource` VALUES ('xzgpgl_cx', '', '限制股票管理_查询', '', 100, '/stockLimit/dataGrid', 'xzgpgl', '1', NULL, NULL);
INSERT INTO `tresource` VALUES ('xzgpgl_dc', '', '限制股票管理_导出', '', 100, '/stockLimit/exportToExcel', 'xzgpgl', '1', NULL, NULL);
INSERT INTO `tresource` VALUES ('xzgpgl_dr', '', '导入', '', 100, '/stockLimit/importFromExcel', 'xzgpgl', '1', NULL, NULL);
INSERT INTO `tresource` VALUES ('xzgpgl_gx', '', '限制股票管理_更新', '', 100, '/stockLimit/update', 'xzgpgl', '1', 'id', 'select * from stocklimit where id = ');
INSERT INTO `tresource` VALUES ('xzgpgl_sc', '', '限制股票管理_删除', '', 100, '/stockLimit/delete', 'xzgpgl', '1', NULL, NULL);
INSERT INTO `tresource` VALUES ('xzgpgl_tj', '', '限制股票管理_添加', '', 100, '/stockLimit/insert', 'xzgpgl', '1', NULL, NULL);
INSERT INTO `tresource` VALUES ('yhgl', 'status_online', '用户管理', '', 2, '/userController/manager', 'xtgl', '0', NULL, NULL);
INSERT INTO `tresource` VALUES ('yhgl_add', '', '用户管理_添加_保存', '用户管理_添加_保存', 103, '/userController/add', 'yhgl', '1', NULL, NULL);
INSERT INTO `tresource` VALUES ('yhgl_add_page', 'xhtml', '用户管理_添加', '用户管理_添加', 101, '/userController/addPage', 'yhgl', '1', NULL, NULL);
INSERT INTO `tresource` VALUES ('yhgl_edit', 'transmit', '用户管理_编辑_保存', '', 108, '/userController/edit', 'yhgl', '1', 'id', 'select * from  tuser where id =');
INSERT INTO `tresource` VALUES ('yhgl_editPwdPage', 'webcam_error', '用户管理_修改密码', '', 116, '/userController/editPwdPage', 'yhgl', '1', NULL, NULL);
INSERT INTO `tresource` VALUES ('yhgl_edit_page', 'transmit_edit', '用户管理_编辑', '', 107, '/userController/editPage', 'yhgl', '1', NULL, NULL);
INSERT INTO `tresource` VALUES ('yhgl_query', 'xhtml_add', '用户管理_查询', '用户管理_查询', 100, '/userController/dataGrid', 'yhgl', '1', NULL, NULL);
INSERT INTO `tresource` VALUES ('yhjztz_lb', '', '用户资金调整_列表', '', 100, '/adjustmentBill/dataGrid', 'hyzjtzd', '1', NULL, NULL);
INSERT INTO `tresource` VALUES ('yhlkygl', '', '用户留言管理', '', 110, '/userMessage/manager', 'zngl', '0', NULL, NULL);
INSERT INTO `tresource` VALUES ('yhlygl_cl', '', '用户留言处理', '', 100, '/userMessage/process', 'yhlkygl', '1', NULL, NULL);
INSERT INTO `tresource` VALUES ('yhlygl_dc', '', '用户留言管理_导出', '', 100, '/userMessage/export2Excel', 'yhlkygl', '1', NULL, NULL);
INSERT INTO `tresource` VALUES ('yhlygl_lb', '', '用户留言管理_列表', '', 100, '/userMessage/dataGrid', 'yhlkygl', '1', NULL, NULL);
INSERT INTO `tresource` VALUES ('yhqbjym', '', '优惠券编辑页面', '', 100, '/couponApply/showEditCouponApplyPage', 'yhqsqd', '1', NULL, NULL);
INSERT INTO `tresource` VALUES ('yhqscyhq', '', '优惠券申请单_生成优惠券', '右键事件--生成优惠券', 103, '/couponApply/createCouponApply', 'yhqsqd', '1', NULL, NULL);
INSERT INTO `tresource` VALUES ('yhqshym', '', '优惠券审核页面', '', 100, '/couponApply/showAuditCouponApplyPage', 'yhqsqd', '1', NULL, NULL);
INSERT INTO `tresource` VALUES ('yhqsqd', '', '优惠券申请单', '', 107, '/couponApply/manager', 'khjcxxgl', '0', NULL, NULL);
INSERT INTO `tresource` VALUES ('yhqsqdbj', '', '优惠券申请单_编辑', '', 101, '/couponApply/editCouponApply', 'yhqsqd', '1', 'applyId', 'select * from coupon_apply_bill where apply_id = ');
INSERT INTO `tresource` VALUES ('yhqsqdsh', '', '优惠券申请单_审核', '', 102, '/couponApply/auditCouponApply', 'yhqsqd', '1', NULL, NULL);
INSERT INTO `tresource` VALUES ('yhqsqdtj', '', '优惠券申请单_添加', '', 100, '/couponApply/addCouponApply', 'yhqsqd', '1', NULL, NULL);
INSERT INTO `tresource` VALUES ('yhqtjym', '', '优惠券添加页面', '', 100, '/couponApply/showAddCouponApply', 'yhqsqd', '1', NULL, NULL);
INSERT INTO `tresource` VALUES ('yhqxq', '', '优惠券申请单_卡券详情', '右键事件--卡券详情', 104, '/couponApply/showCouponInfo', 'yhqsqd', '1', NULL, NULL);
INSERT INTO `tresource` VALUES ('yhzjtz_sh', '', '用户资金调整审核', '', 100, '/adjustmentBill/audit', 'hyzjtzd', '1', NULL, NULL);
INSERT INTO `tresource` VALUES ('ywgl', '', '配资业务管理', '', 100, '', '', '0', NULL, NULL);
INSERT INTO `tresource` VALUES ('zfgl_bjyh', '', '编辑银行', '', 100, '/payWay/bank/edit', 'zftd', '1', NULL, NULL);
INSERT INTO `tresource` VALUES ('zfgl_sctd', '', '删除支付通道', '', 100, '/payWay/channel/del', 'zftd', '1', NULL, NULL);
INSERT INTO `tresource` VALUES ('zfgl_scyh', '', '删除银行', '', 100, '/payWay/bank/del', 'zftd', '1', NULL, NULL);
INSERT INTO `tresource` VALUES ('zfgl_tjyh', '', '添加银行', '', 100, '/payWay/bank/add', 'zftd', '1', NULL, NULL);
INSERT INTO `tresource` VALUES ('zfgl_tjz', '', '添加银行到支付通道', '', 100, '/payWay/bank/addBankToChannel', 'zftd', '1', NULL, NULL);
INSERT INTO `tresource` VALUES ('zftd', '', '支付通道信息', '', 100, '/payWay/manager', 'SJZD', '0', NULL, NULL);
INSERT INTO `tresource` VALUES ('zftdxx_jz', '', '加载银行logo', '', 100, '/payWay/bank/bankLogo', 'zftd', '1', NULL, NULL);
INSERT INTO `tresource` VALUES ('zftd_lb', '', '支付通道_列表', '', 100, '/payWay/dataGrid', 'zftd', '1', NULL, NULL);
INSERT INTO `tresource` VALUES ('zftd_xgxe', NULL, '支付通道_修改限额', NULL, 100, '/payWay/channel/editLimitInfo', 'zftd', '1', NULL, NULL);
INSERT INTO `tresource` VALUES ('zftd_yhlb', '', '支付通道_银行列表', '', 100, '/payWay/banks', 'zftd', '1', NULL, NULL);
INSERT INTO `tresource` VALUES ('zjbzj', '', '追加保证金', '', 212, '/capitalorder/manager', 'fzgl', '0', NULL, NULL);
INSERT INTO `tresource` VALUES ('zjbzjcx', '', '追加保证金_查询', '', 100, '/capitalorder/dataGrid', 'zjbzj', '1', NULL, NULL);
INSERT INTO `tresource` VALUES ('zjbzj_dc', '', '追加保证金_导出', '', 100, '/capitalorder/exportExcel', 'zjbzj', '1', NULL, NULL);
INSERT INTO `tresource` VALUES ('zjbzj_qr', '', '追加保证金_确认', '', 100, '/capitalorder/confirmCapitalOrder', 'zjbzj', '1', NULL, NULL);
INSERT INTO `tresource` VALUES ('zjcclcx', '', '资金池策略_查询', '', 100, '/fundPool/dataGrid', 'zjcclgl', '1', NULL, NULL);
INSERT INTO `tresource` VALUES ('zjcclgl', '', '资金池策略管理', '', 105, '/fundPool/showFundPoolPolicyPage', 'pzcppz', '0', NULL, NULL);
INSERT INTO `tresource` VALUES ('zjcclgl_bj', '', '资金池策略管理_编辑', '', 100, '/fundPool/editPage', 'zjcclgl', '1', NULL, NULL);
INSERT INTO `tresource` VALUES ('zjcclgl_lb', '', '资金池策略_列表', '', 100, '/fundPool/list', 'zjcclgl', '1', NULL, NULL);
INSERT INTO `tresource` VALUES ('zjcclgl_sh', '', '资金处策略管理_审核', '', 100, '/fundPool/auditPolicy', 'zjcclgl', '1', NULL, NULL);
INSERT INTO `tresource` VALUES ('zjcclgl_tj', '', '资金池策略管理_添加', '', 100, '/fundPool/addPage', 'zjcclgl', '1', NULL, NULL);
INSERT INTO `tresource` VALUES ('zjcclgl_tjlb', '', '资金池策略管理_提交编辑', '', 100, '/fundPool/edit', 'zjcclgl', '1', 'id', 'select * from fundpoolpolicy where id = ');
INSERT INTO `tresource` VALUES ('zjccltj', '', '资金池策略_添加', '', 102, '/fundPool/add', 'zjcclgl', '1', NULL, NULL);
INSERT INTO `tresource` VALUES ('zjccz', '', '资金池操作', '', 156, '/fundPool/exportExcel', 'zjcgl', '1', NULL, NULL);
INSERT INTO `tresource` VALUES ('zjcdc', '', '资金池_导出', '', 155, '/fundPool/exportExcel', 'zjcgl', '1', NULL, NULL);
INSERT INTO `tresource` VALUES ('zjcgl', '', '资金池管理', '资金池管理', 150, '/fundPool/manage', 'pzcppz', '0', NULL, NULL);
INSERT INTO `tresource` VALUES ('zjcgl_add', '', '资金池添加', '资金池添加', 152, '/fundPool/addFundPool', 'zjcgl', '1', NULL, NULL);
INSERT INTO `tresource` VALUES ('zjcgl_edit', '', '资金池编辑', '资金池编辑', 153, '/fundPool/editFundPool', 'zjcgl', '1', 'id', 'select * from fundpool where id = ');
INSERT INTO `tresource` VALUES ('zjcgl_list', '', '资金池列表页面', '资金池列表页面', 151, '/fundPool/list', 'zjcgl', '1', NULL, NULL);
INSERT INTO `tresource` VALUES ('zjcgl_tzkpzj', '', '调整可配资金', '', 100, '/fundPool/reviseOrgAmount', 'zjcgl', '1', 'id', 'select * from fundpool where id = ');
INSERT INTO `tresource` VALUES ('zjchz', '', '资金池_汇总', '', 154, '/fundPool/huizong', 'zjcgl', '1', NULL, NULL);
INSERT INTO `tresource` VALUES ('zjlscx', '', '资金流水查询', '', 100, '/fundFlowController/manager', 'khjcxxgl', '0', NULL, NULL);
INSERT INTO `tresource` VALUES ('zjlscx_hzje', '', '资金流水_汇总金额', '', 100, '/fundFlowController/sumAmount', 'zjlscx', '1', NULL, NULL);
INSERT INTO `tresource` VALUES ('zjlscx_hzmx', '', '资金流水_汇总明细', '', 100, '/fundFlowController/getDetailSumAmount', 'zjlscx', '1', NULL, NULL);
INSERT INTO `tresource` VALUES ('zjlsdc', '', '资金流水_导出', '', 101, '/fundFlowController/exportExcel', 'zjlscx', '1', NULL, NULL);
INSERT INTO `tresource` VALUES ('zjlslbcx', '', '资金流水_查询', '', 100, '/fundFlowController/dataGrid', 'zjlscx', '1', NULL, NULL);
INSERT INTO `tresource` VALUES ('zjls_hzmx', '', '资金流水_汇总明细', '', 100, '/fundFlowController/sumDetailAmountPage', 'zjlscx', '1', NULL, NULL);
INSERT INTO `tresource` VALUES ('zngl', 'shape_square', '站内管理', '', 300, '', '', '0', NULL, NULL);
INSERT INTO `tresource` VALUES ('znxx_msgDatagrid', '', '消息_列表', '', 100, '/message/msgDataGrid', 'xxgl', '1', NULL, NULL);
INSERT INTO `tresource` VALUES ('zygl', 'database_gear', '资源管理', '管理系统中所有的菜单或功能', 1, '/resource/manager', 'xtgl', '0', NULL, NULL);
INSERT INTO `tresource` VALUES ('zygl_addPage', 'xhtml_add', '资源管理_添加', '资源管理_添加', 101, '/resource/addPage', 'zygl', '1', NULL, NULL);
INSERT INTO `tresource` VALUES ('zygl_addPage_add', 'xhtml_add', '资源管理_添加页面_保存', '资源管理_添加页面_保存', 102, '/resource/add', 'zygl', '1', NULL, NULL);
INSERT INTO `tresource` VALUES ('zygl_delete', 'xhtml_delete', '资源管理_删除', '资源管理删除', 105, '/resource/delete', 'zygl', '1', NULL, NULL);
INSERT INTO `tresource` VALUES ('zygl_edit', 'wrench', '资源管理_编辑页面_保存', '资源管理_编辑页面_保存', 104, '/resource/edit', 'zygl', '1', NULL, NULL);
INSERT INTO `tresource` VALUES ('zygl_editPage', 'xhtml_add', '资源管理编辑页面', '', 103, '/resource/editPage', 'zygl', '1', NULL, NULL);
INSERT INTO `tresource` VALUES ('zygl_query', 'clock_go', '资源管理查询', '资源管理查询林德恭', 100, '/resource/treeGrid', 'zygl', '1', NULL, NULL);
COMMIT;

-- ----------------------------
-- Table structure for trole
-- ----------------------------
DROP TABLE IF EXISTS `trole`;
CREATE TABLE `trole` (
  `id` int(11) NOT NULL AUTO_INCREMENT,
  `name` varchar(100) NOT NULL,
  `remark` varchar(200) DEFAULT NULL,
  `seq` int(11) DEFAULT NULL,
  PRIMARY KEY (`id`)
) ENGINE=InnoDB AUTO_INCREMENT=55 DEFAULT CHARSET=utf8;

-- ----------------------------
-- Records of trole
-- ----------------------------
BEGIN;
INSERT INTO `trole` VALUES (31, '管理员', '所有权限', 104);
INSERT INTO `trole` VALUES (38, '产品1', '', 2);
INSERT INTO `trole` VALUES (39, '风控1', '', 100);
INSERT INTO `trole` VALUES (40, '客服1', '', 100);
INSERT INTO `trole` VALUES (41, '风控2', '', 100);
INSERT INTO `trole` VALUES (42, '资金1', '', 100);
INSERT INTO `trole` VALUES (43, '市场1', '', 100);
INSERT INTO `trole` VALUES (44, '产品2', '', 100);
INSERT INTO `trole` VALUES (45, '运维-巡检', '', 100);
INSERT INTO `trole` VALUES (46, '运维-用户管理', '', 100);
INSERT INTO `trole` VALUES (47, '资金2', '', 100);
INSERT INTO `trole` VALUES (48, '资金3', '', 100);
INSERT INTO `trole` VALUES (49, '市场2', '', 100);
INSERT INTO `trole` VALUES (50, 'IT普通岗', '', 100);
INSERT INTO `trole` VALUES (51, 'IT测试岗', '开发', 100);
INSERT INTO `trole` VALUES (52, '运维-业务', '', 100);
INSERT INTO `trole` VALUES (54, '资金5', '', 100);
COMMIT;

-- ----------------------------
-- Table structure for trole_tresource
-- ----------------------------
DROP TABLE IF EXISTS `trole_tresource`;
CREATE TABLE `trole_tresource` (
  `TROLE_ID` varchar(36) NOT NULL,
  `TRESOURCE_ID` varchar(36) NOT NULL,
  PRIMARY KEY (`TRESOURCE_ID`,`TROLE_ID`),
  KEY `FK_18oms8g4ib4h67dqx0f3fwaed` (`TRESOURCE_ID`),
  KEY `FK_aunc1ssqh18meky8cxl48i4m9` (`TROLE_ID`)
) ENGINE=InnoDB DEFAULT CHARSET=utf8;

-- ----------------------------
-- Records of trole_tresource
-- ----------------------------
BEGIN;
INSERT INTO `trole_tresource` VALUES ('31', 'appgl');
INSERT INTO `trole_tresource` VALUES ('43', 'appgl');
INSERT INTO `trole_tresource` VALUES ('44', 'appgl');
INSERT INTO `trole_tresource` VALUES ('51', 'appgl');
INSERT INTO `trole_tresource` VALUES ('31', 'app_add');
INSERT INTO `trole_tresource` VALUES ('43', 'app_add');
INSERT INTO `trole_tresource` VALUES ('44', 'app_add');
INSERT INTO `trole_tresource` VALUES ('31', 'app_edit');
INSERT INTO `trole_tresource` VALUES ('43', 'app_edit');
INSERT INTO `trole_tresource` VALUES ('44', 'app_edit');
INSERT INTO `trole_tresource` VALUES ('31', 'app_list');
INSERT INTO `trole_tresource` VALUES ('43', 'app_list');
INSERT INTO `trole_tresource` VALUES ('44', 'app_list');
INSERT INTO `trole_tresource` VALUES ('51', 'app_list');
INSERT INTO `trole_tresource` VALUES ('31', 'bbgl_lb');
INSERT INTO `trole_tresource` VALUES ('43', 'bbgl_lb');
INSERT INTO `trole_tresource` VALUES ('44', 'bbgl_lb');
INSERT INTO `trole_tresource` VALUES ('51', 'bbgl_lb');
INSERT INTO `trole_tresource` VALUES ('31', 'bdyhkxx');
INSERT INTO `trole_tresource` VALUES ('40', 'bdyhkxx');
INSERT INTO `trole_tresource` VALUES ('42', 'bdyhkxx');
INSERT INTO `trole_tresource` VALUES ('44', 'bdyhkxx');
INSERT INTO `trole_tresource` VALUES ('47', 'bdyhkxx');
INSERT INTO `trole_tresource` VALUES ('48', 'bdyhkxx');
INSERT INTO `trole_tresource` VALUES ('51', 'bdyhkxx');
INSERT INTO `trole_tresource` VALUES ('52', 'bdyhkxx');
INSERT INTO `trole_tresource` VALUES ('31', 'bjdxsqd');
INSERT INTO `trole_tresource` VALUES ('38', 'bjdxsqd');
INSERT INTO `trole_tresource` VALUES ('31', 'bmdgl');
INSERT INTO `trole_tresource` VALUES ('31', 'bmdgl_gx');
INSERT INTO `trole_tresource` VALUES ('31', 'bmdgl_lb');
INSERT INTO `trole_tresource` VALUES ('31', 'bmdgl_sc');
INSERT INTO `trole_tresource` VALUES ('31', 'bmdgl_tj');
INSERT INTO `trole_tresource` VALUES ('31', 'cfrwgl');
INSERT INTO `trole_tresource` VALUES ('51', 'cfrwgl');
INSERT INTO `trole_tresource` VALUES ('31', 'cfrwgl_bj');
INSERT INTO `trole_tresource` VALUES ('31', 'cfrwgl_lb');
INSERT INTO `trole_tresource` VALUES ('43', 'cfrwgl_lb');
INSERT INTO `trole_tresource` VALUES ('31', 'cfrwgl_sc');
INSERT INTO `trole_tresource` VALUES ('31', 'cfrwgl_tj');
INSERT INTO `trole_tresource` VALUES ('31', 'cfrw_ls');
INSERT INTO `trole_tresource` VALUES ('51', 'cfrw_ls');
INSERT INTO `trole_tresource` VALUES ('11', 'chart');
INSERT INTO `trole_tresource` VALUES ('31', 'ckkhjf');
INSERT INTO `trole_tresource` VALUES ('42', 'ckkhjf');
INSERT INTO `trole_tresource` VALUES ('44', 'ckkhjf');
INSERT INTO `trole_tresource` VALUES ('47', 'ckkhjf');
INSERT INTO `trole_tresource` VALUES ('48', 'ckkhjf');
INSERT INTO `trole_tresource` VALUES ('51', 'ckkhjf');
INSERT INTO `trole_tresource` VALUES ('52', 'ckkhjf');
INSERT INTO `trole_tresource` VALUES ('31', 'coiniorecords');
INSERT INTO `trole_tresource` VALUES ('42', 'coiniorecords');
INSERT INTO `trole_tresource` VALUES ('44', 'coiniorecords');
INSERT INTO `trole_tresource` VALUES ('47', 'coiniorecords');
INSERT INTO `trole_tresource` VALUES ('50', 'coiniorecords');
INSERT INTO `trole_tresource` VALUES ('51', 'coiniorecords');
INSERT INTO `trole_tresource` VALUES ('31', 'coiniorecordssearch');
INSERT INTO `trole_tresource` VALUES ('42', 'coiniorecordssearch');
INSERT INTO `trole_tresource` VALUES ('44', 'coiniorecordssearch');
INSERT INTO `trole_tresource` VALUES ('47', 'coiniorecordssearch');
INSERT INTO `trole_tresource` VALUES ('50', 'coiniorecordssearch');
INSERT INTO `trole_tresource` VALUES ('51', 'coiniorecordssearch');
INSERT INTO `trole_tresource` VALUES ('31', 'cplmxx');
INSERT INTO `trole_tresource` VALUES ('38', 'cplmxx');
INSERT INTO `trole_tresource` VALUES ('51', 'cplmxx');
INSERT INTO `trole_tresource` VALUES ('52', 'cplmxx');
INSERT INTO `trole_tresource` VALUES ('31', 'cplmxx_bj');
INSERT INTO `trole_tresource` VALUES ('38', 'cplmxx_bj');
INSERT INTO `trole_tresource` VALUES ('31', 'cplmxx_lb');
INSERT INTO `trole_tresource` VALUES ('38', 'cplmxx_lb');
INSERT INTO `trole_tresource` VALUES ('51', 'cplmxx_lb');
INSERT INTO `trole_tresource` VALUES ('52', 'cplmxx_lb');
INSERT INTO `trole_tresource` VALUES ('31', 'cplmxx_px');
INSERT INTO `trole_tresource` VALUES ('38', 'cplmxx_px');
INSERT INTO `trole_tresource` VALUES ('31', 'cplmxx_sc');
INSERT INTO `trole_tresource` VALUES ('38', 'cplmxx_sc');
INSERT INTO `trole_tresource` VALUES ('31', 'cplmxx_tj');
INSERT INTO `trole_tresource` VALUES ('38', 'cplmxx_tj');
INSERT INTO `trole_tresource` VALUES ('31', 'cplmxx_tp');
INSERT INTO `trole_tresource` VALUES ('38', 'cplmxx_tp');
INSERT INTO `trole_tresource` VALUES ('31', 'cpxxbj');
INSERT INTO `trole_tresource` VALUES ('38', 'cpxxbj');
INSERT INTO `trole_tresource` VALUES ('47', 'cpxxbj');
INSERT INTO `trole_tresource` VALUES ('51', 'cpxxbj');
INSERT INTO `trole_tresource` VALUES ('31', 'cpxxbjym');
INSERT INTO `trole_tresource` VALUES ('38', 'cpxxbjym');
INSERT INTO `trole_tresource` VALUES ('47', 'cpxxbjym');
INSERT INTO `trole_tresource` VALUES ('51', 'cpxxbjym');
INSERT INTO `trole_tresource` VALUES ('52', 'cpxxbjym');
INSERT INTO `trole_tresource` VALUES ('31', 'cpxxcx');
INSERT INTO `trole_tresource` VALUES ('38', 'cpxxcx');
INSERT INTO `trole_tresource` VALUES ('39', 'cpxxcx');
INSERT INTO `trole_tresource` VALUES ('41', 'cpxxcx');
INSERT INTO `trole_tresource` VALUES ('42', 'cpxxcx');
INSERT INTO `trole_tresource` VALUES ('44', 'cpxxcx');
INSERT INTO `trole_tresource` VALUES ('47', 'cpxxcx');
INSERT INTO `trole_tresource` VALUES ('48', 'cpxxcx');
INSERT INTO `trole_tresource` VALUES ('50', 'cpxxcx');
INSERT INTO `trole_tresource` VALUES ('51', 'cpxxcx');
INSERT INTO `trole_tresource` VALUES ('52', 'cpxxcx');
INSERT INTO `trole_tresource` VALUES ('31', 'cpxxcyrs');
INSERT INTO `trole_tresource` VALUES ('38', 'cpxxcyrs');
INSERT INTO `trole_tresource` VALUES ('31', 'cpxxcyrscx');
INSERT INTO `trole_tresource` VALUES ('38', 'cpxxcyrscx');
INSERT INTO `trole_tresource` VALUES ('52', 'cpxxcyrscx');
INSERT INTO `trole_tresource` VALUES ('31', 'cpxxgl');
INSERT INTO `trole_tresource` VALUES ('38', 'cpxxgl');
INSERT INTO `trole_tresource` VALUES ('39', 'cpxxgl');
INSERT INTO `trole_tresource` VALUES ('41', 'cpxxgl');
INSERT INTO `trole_tresource` VALUES ('42', 'cpxxgl');
INSERT INTO `trole_tresource` VALUES ('44', 'cpxxgl');
INSERT INTO `trole_tresource` VALUES ('47', 'cpxxgl');
INSERT INTO `trole_tresource` VALUES ('48', 'cpxxgl');
INSERT INTO `trole_tresource` VALUES ('50', 'cpxxgl');
INSERT INTO `trole_tresource` VALUES ('51', 'cpxxgl');
INSERT INTO `trole_tresource` VALUES ('52', 'cpxxgl');
INSERT INTO `trole_tresource` VALUES ('31', 'cpxxtj');
INSERT INTO `trole_tresource` VALUES ('38', 'cpxxtj');
INSERT INTO `trole_tresource` VALUES ('47', 'cpxxtj');
INSERT INTO `trole_tresource` VALUES ('31', 'cpxxtjym');
INSERT INTO `trole_tresource` VALUES ('38', 'cpxxtjym');
INSERT INTO `trole_tresource` VALUES ('39', 'cpxxtjym');
INSERT INTO `trole_tresource` VALUES ('47', 'cpxxtjym');
INSERT INTO `trole_tresource` VALUES ('31', 'cpxxwh_xzbj');
INSERT INTO `trole_tresource` VALUES ('38', 'cpxxwh_xzbj');
INSERT INTO `trole_tresource` VALUES ('31', 'cpxxwh_xzsc');
INSERT INTO `trole_tresource` VALUES ('38', 'cpxxwh_xzsc');
INSERT INTO `trole_tresource` VALUES ('31', 'cpxxwh_xztj');
INSERT INTO `trole_tresource` VALUES ('38', 'cpxxwh_xztj');
INSERT INTO `trole_tresource` VALUES ('31', 'czjlfx');
INSERT INTO `trole_tresource` VALUES ('38', 'czjlfx');
INSERT INTO `trole_tresource` VALUES ('40', 'czjlfx');
INSERT INTO `trole_tresource` VALUES ('44', 'czjlfx');
INSERT INTO `trole_tresource` VALUES ('31', 'czjlfx_cl');
INSERT INTO `trole_tresource` VALUES ('38', 'czjlfx_cl');
INSERT INTO `trole_tresource` VALUES ('40', 'czjlfx_cl');
INSERT INTO `trole_tresource` VALUES ('44', 'czjlfx_cl');
INSERT INTO `trole_tresource` VALUES ('31', 'czjlfx_lb');
INSERT INTO `trole_tresource` VALUES ('38', 'czjlfx_lb');
INSERT INTO `trole_tresource` VALUES ('40', 'czjlfx_lb');
INSERT INTO `trole_tresource` VALUES ('44', 'czjlfx_lb');
INSERT INTO `trole_tresource` VALUES ('31', 'czxx');
INSERT INTO `trole_tresource` VALUES ('38', 'czxx');
INSERT INTO `trole_tresource` VALUES ('39', 'czxx');
INSERT INTO `trole_tresource` VALUES ('40', 'czxx');
INSERT INTO `trole_tresource` VALUES ('41', 'czxx');
INSERT INTO `trole_tresource` VALUES ('42', 'czxx');
INSERT INTO `trole_tresource` VALUES ('43', 'czxx');
INSERT INTO `trole_tresource` VALUES ('44', 'czxx');
INSERT INTO `trole_tresource` VALUES ('47', 'czxx');
INSERT INTO `trole_tresource` VALUES ('48', 'czxx');
INSERT INTO `trole_tresource` VALUES ('51', 'czxx');
INSERT INTO `trole_tresource` VALUES ('52', 'czxx');
INSERT INTO `trole_tresource` VALUES ('31', 'czxxcx');
INSERT INTO `trole_tresource` VALUES ('38', 'czxxcx');
INSERT INTO `trole_tresource` VALUES ('39', 'czxxcx');
INSERT INTO `trole_tresource` VALUES ('40', 'czxxcx');
INSERT INTO `trole_tresource` VALUES ('41', 'czxxcx');
INSERT INTO `trole_tresource` VALUES ('42', 'czxxcx');
INSERT INTO `trole_tresource` VALUES ('43', 'czxxcx');
INSERT INTO `trole_tresource` VALUES ('44', 'czxxcx');
INSERT INTO `trole_tresource` VALUES ('45', 'czxxcx');
INSERT INTO `trole_tresource` VALUES ('47', 'czxxcx');
INSERT INTO `trole_tresource` VALUES ('48', 'czxxcx');
INSERT INTO `trole_tresource` VALUES ('51', 'czxxcx');
INSERT INTO `trole_tresource` VALUES ('52', 'czxxcx');
INSERT INTO `trole_tresource` VALUES ('31', 'czxx_cxqr');
INSERT INTO `trole_tresource` VALUES ('47', 'czxx_cxqr');
INSERT INTO `trole_tresource` VALUES ('31', 'czxx_cxtd');
INSERT INTO `trole_tresource` VALUES ('38', 'czxx_cxtd');
INSERT INTO `trole_tresource` VALUES ('40', 'czxx_cxtd');
INSERT INTO `trole_tresource` VALUES ('44', 'czxx_cxtd');
INSERT INTO `trole_tresource` VALUES ('51', 'czxx_cxtd');
INSERT INTO `trole_tresource` VALUES ('52', 'czxx_cxtd');
INSERT INTO `trole_tresource` VALUES ('31', 'czxx_dc');
INSERT INTO `trole_tresource` VALUES ('42', 'czxx_dc');
INSERT INTO `trole_tresource` VALUES ('47', 'czxx_dc');
INSERT INTO `trole_tresource` VALUES ('31', 'czxx_qr');
INSERT INTO `trole_tresource` VALUES ('47', 'czxx_qr');
INSERT INTO `trole_tresource` VALUES ('31', 'ddspmx_fh');
INSERT INTO `trole_tresource` VALUES ('38', 'ddspmx_fh');
INSERT INTO `trole_tresource` VALUES ('44', 'ddspmx_fh');
INSERT INTO `trole_tresource` VALUES ('31', 'ddspmx_lb');
INSERT INTO `trole_tresource` VALUES ('38', 'ddspmx_lb');
INSERT INTO `trole_tresource` VALUES ('44', 'ddspmx_lb');
INSERT INTO `trole_tresource` VALUES ('31', 'ddspmx_qs');
INSERT INTO `trole_tresource` VALUES ('38', 'ddspmx_qs');
INSERT INTO `trole_tresource` VALUES ('44', 'ddspmx_qs');
INSERT INTO `trole_tresource` VALUES ('31', 'djfygz_bj');
INSERT INTO `trole_tresource` VALUES ('38', 'djfygz_bj');
INSERT INTO `trole_tresource` VALUES ('44', 'djfygz_bj');
INSERT INTO `trole_tresource` VALUES ('31', 'djfygz_lb');
INSERT INTO `trole_tresource` VALUES ('38', 'djfygz_lb');
INSERT INTO `trole_tresource` VALUES ('44', 'djfygz_lb');
INSERT INTO `trole_tresource` VALUES ('31', 'djfygz_sc');
INSERT INTO `trole_tresource` VALUES ('38', 'djfygz_sc');
INSERT INTO `trole_tresource` VALUES ('44', 'djfygz_sc');
INSERT INTO `trole_tresource` VALUES ('31', 'djfygz_tj');
INSERT INTO `trole_tresource` VALUES ('38', 'djfygz_tj');
INSERT INTO `trole_tresource` VALUES ('44', 'djfygz_tj');
INSERT INTO `trole_tresource` VALUES ('31', 'djlb');
INSERT INTO `trole_tresource` VALUES ('38', 'djlb');
INSERT INTO `trole_tresource` VALUES ('44', 'djlb');
INSERT INTO `trole_tresource` VALUES ('31', 'dqgl');
INSERT INTO `trole_tresource` VALUES ('44', 'dqgl');
INSERT INTO `trole_tresource` VALUES ('31', 'dqgl_gx');
INSERT INTO `trole_tresource` VALUES ('44', 'dqgl_gx');
INSERT INTO `trole_tresource` VALUES ('31', 'dqgl_lb');
INSERT INTO `trole_tresource` VALUES ('44', 'dqgl_lb');
INSERT INTO `trole_tresource` VALUES ('31', 'dqgl_sc');
INSERT INTO `trole_tresource` VALUES ('44', 'dqgl_sc');
INSERT INTO `trole_tresource` VALUES ('31', 'dqgl_tj');
INSERT INTO `trole_tresource` VALUES ('44', 'dqgl_tj');
INSERT INTO `trole_tresource` VALUES ('31', 'dqpz');
INSERT INTO `trole_tresource` VALUES ('39', 'dqpz');
INSERT INTO `trole_tresource` VALUES ('40', 'dqpz');
INSERT INTO `trole_tresource` VALUES ('41', 'dqpz');
INSERT INTO `trole_tresource` VALUES ('42', 'dqpz');
INSERT INTO `trole_tresource` VALUES ('44', 'dqpz');
INSERT INTO `trole_tresource` VALUES ('47', 'dqpz');
INSERT INTO `trole_tresource` VALUES ('48', 'dqpz');
INSERT INTO `trole_tresource` VALUES ('50', 'dqpz');
INSERT INTO `trole_tresource` VALUES ('51', 'dqpz');
INSERT INTO `trole_tresource` VALUES ('52', 'dqpz');
INSERT INTO `trole_tresource` VALUES ('31', 'dqpzdc');
INSERT INTO `trole_tresource` VALUES ('39', 'dqpzdc');
INSERT INTO `trole_tresource` VALUES ('40', 'dqpzdc');
INSERT INTO `trole_tresource` VALUES ('41', 'dqpzdc');
INSERT INTO `trole_tresource` VALUES ('31', 'dqpz_list');
INSERT INTO `trole_tresource` VALUES ('39', 'dqpz_list');
INSERT INTO `trole_tresource` VALUES ('40', 'dqpz_list');
INSERT INTO `trole_tresource` VALUES ('41', 'dqpz_list');
INSERT INTO `trole_tresource` VALUES ('42', 'dqpz_list');
INSERT INTO `trole_tresource` VALUES ('44', 'dqpz_list');
INSERT INTO `trole_tresource` VALUES ('47', 'dqpz_list');
INSERT INTO `trole_tresource` VALUES ('48', 'dqpz_list');
INSERT INTO `trole_tresource` VALUES ('50', 'dqpz_list');
INSERT INTO `trole_tresource` VALUES ('51', 'dqpz_list');
INSERT INTO `trole_tresource` VALUES ('52', 'dqpz_list');
INSERT INTO `trole_tresource` VALUES ('31', 'dxck');
INSERT INTO `trole_tresource` VALUES ('38', 'dxck');
INSERT INTO `trole_tresource` VALUES ('40', 'dxck');
INSERT INTO `trole_tresource` VALUES ('44', 'dxck');
INSERT INTO `trole_tresource` VALUES ('45', 'dxck');
INSERT INTO `trole_tresource` VALUES ('51', 'dxck');
INSERT INTO `trole_tresource` VALUES ('52', 'dxck');
INSERT INTO `trole_tresource` VALUES ('31', 'dxck_cxye');
INSERT INTO `trole_tresource` VALUES ('45', 'dxck_cxye');
INSERT INTO `trole_tresource` VALUES ('52', 'dxck_cxye');
INSERT INTO `trole_tresource` VALUES ('31', 'dxsqd');
INSERT INTO `trole_tresource` VALUES ('38', 'dxsqd');
INSERT INTO `trole_tresource` VALUES ('40', 'dxsqd');
INSERT INTO `trole_tresource` VALUES ('31', 'dxsqdtj');
INSERT INTO `trole_tresource` VALUES ('38', 'dxsqdtj');
INSERT INTO `trole_tresource` VALUES ('31', 'dxsqd_lb');
INSERT INTO `trole_tresource` VALUES ('38', 'dxsqd_lb');
INSERT INTO `trole_tresource` VALUES ('44', 'dxsqd_lb');
INSERT INTO `trole_tresource` VALUES ('31', 'dxxxcx');
INSERT INTO `trole_tresource` VALUES ('38', 'dxxxcx');
INSERT INTO `trole_tresource` VALUES ('40', 'dxxxcx');
INSERT INTO `trole_tresource` VALUES ('44', 'dxxxcx');
INSERT INTO `trole_tresource` VALUES ('45', 'dxxxcx');
INSERT INTO `trole_tresource` VALUES ('51', 'dxxxcx');
INSERT INTO `trole_tresource` VALUES ('52', 'dxxxcx');
INSERT INTO `trole_tresource` VALUES ('31', 'dxxxdc');
INSERT INTO `trole_tresource` VALUES ('38', 'dxxxdc');
INSERT INTO `trole_tresource` VALUES ('44', 'dxxxdc');
INSERT INTO `trole_tresource` VALUES ('31', 'dybcgl');
INSERT INTO `trole_tresource` VALUES ('38', 'dybcgl');
INSERT INTO `trole_tresource` VALUES ('45', 'dybcgl');
INSERT INTO `trole_tresource` VALUES ('51', 'dybcgl');
INSERT INTO `trole_tresource` VALUES ('52', 'dybcgl');
INSERT INTO `trole_tresource` VALUES ('31', 'dyxxbc');
INSERT INTO `trole_tresource` VALUES ('51', 'dyxxbc');
INSERT INTO `trole_tresource` VALUES ('52', 'dyxxbc');
INSERT INTO `trole_tresource` VALUES ('31', 'dyxxbc_lb');
INSERT INTO `trole_tresource` VALUES ('38', 'dyxxbc_lb');
INSERT INTO `trole_tresource` VALUES ('45', 'dyxxbc_lb');
INSERT INTO `trole_tresource` VALUES ('51', 'dyxxbc_lb');
INSERT INTO `trole_tresource` VALUES ('52', 'dyxxbc_lb');
INSERT INTO `trole_tresource` VALUES ('31', 'fkmbbj');
INSERT INTO `trole_tresource` VALUES ('39', 'fkmbbj');
INSERT INTO `trole_tresource` VALUES ('41', 'fkmbbj');
INSERT INTO `trole_tresource` VALUES ('51', 'fkmbbj');
INSERT INTO `trole_tresource` VALUES ('31', 'fkmbcj');
INSERT INTO `trole_tresource` VALUES ('39', 'fkmbcj');
INSERT INTO `trole_tresource` VALUES ('41', 'fkmbcj');
INSERT INTO `trole_tresource` VALUES ('31', 'fkmbgl');
INSERT INTO `trole_tresource` VALUES ('39', 'fkmbgl');
INSERT INTO `trole_tresource` VALUES ('41', 'fkmbgl');
INSERT INTO `trole_tresource` VALUES ('51', 'fkmbgl');
INSERT INTO `trole_tresource` VALUES ('52', 'fkmbgl');
INSERT INTO `trole_tresource` VALUES ('31', 'fkmbglcx');
INSERT INTO `trole_tresource` VALUES ('39', 'fkmbglcx');
INSERT INTO `trole_tresource` VALUES ('41', 'fkmbglcx');
INSERT INTO `trole_tresource` VALUES ('51', 'fkmbglcx');
INSERT INTO `trole_tresource` VALUES ('52', 'fkmbglcx');
INSERT INTO `trole_tresource` VALUES ('31', 'fkmb_gz');
INSERT INTO `trole_tresource` VALUES ('39', 'fkmb_gz');
INSERT INTO `trole_tresource` VALUES ('41', 'fkmb_gz');
INSERT INTO `trole_tresource` VALUES ('51', 'fkmb_gz');
INSERT INTO `trole_tresource` VALUES ('31', 'fzgl');
INSERT INTO `trole_tresource` VALUES ('38', 'fzgl');
INSERT INTO `trole_tresource` VALUES ('40', 'fzgl');
INSERT INTO `trole_tresource` VALUES ('44', 'fzgl');
INSERT INTO `trole_tresource` VALUES ('45', 'fzgl');
INSERT INTO `trole_tresource` VALUES ('47', 'fzgl');
INSERT INTO `trole_tresource` VALUES ('51', 'fzgl');
INSERT INTO `trole_tresource` VALUES ('52', 'fzgl');
INSERT INTO `trole_tresource` VALUES ('31', 'glfcancel');
INSERT INTO `trole_tresource` VALUES ('42', 'glfcancel');
INSERT INTO `trole_tresource` VALUES ('47', 'glfcancel');
INSERT INTO `trole_tresource` VALUES ('31', 'glfdjcx');
INSERT INTO `trole_tresource` VALUES ('40', 'glfdjcx');
INSERT INTO `trole_tresource` VALUES ('42', 'glfdjcx');
INSERT INTO `trole_tresource` VALUES ('47', 'glfdjcx');
INSERT INTO `trole_tresource` VALUES ('51', 'glfdjcx');
INSERT INTO `trole_tresource` VALUES ('52', 'glfdjcx');
INSERT INTO `trole_tresource` VALUES ('31', 'glfdjxq');
INSERT INTO `trole_tresource` VALUES ('40', 'glfdjxq');
INSERT INTO `trole_tresource` VALUES ('42', 'glfdjxq');
INSERT INTO `trole_tresource` VALUES ('47', 'glfdjxq');
INSERT INTO `trole_tresource` VALUES ('51', 'glfdjxq');
INSERT INTO `trole_tresource` VALUES ('52', 'glfdjxq');
INSERT INTO `trole_tresource` VALUES ('31', 'glfdjxq_tf');
INSERT INTO `trole_tresource` VALUES ('42', 'glfdjxq_tf');
INSERT INTO `trole_tresource` VALUES ('47', 'glfdjxq_tf');
INSERT INTO `trole_tresource` VALUES ('31', 'glfexport');
INSERT INTO `trole_tresource` VALUES ('42', 'glfexport');
INSERT INTO `trole_tresource` VALUES ('47', 'glfexport');
INSERT INTO `trole_tresource` VALUES ('31', 'glfrecovery');
INSERT INTO `trole_tresource` VALUES ('47', 'glfrecovery');
INSERT INTO `trole_tresource` VALUES ('31', 'grade');
INSERT INTO `trole_tresource` VALUES ('38', 'grade');
INSERT INTO `trole_tresource` VALUES ('44', 'grade');
INSERT INTO `trole_tresource` VALUES ('31', 'grade_add');
INSERT INTO `trole_tresource` VALUES ('38', 'grade_add');
INSERT INTO `trole_tresource` VALUES ('44', 'grade_add');
INSERT INTO `trole_tresource` VALUES ('31', 'grade_addGradeRule');
INSERT INTO `trole_tresource` VALUES ('38', 'grade_addGradeRule');
INSERT INTO `trole_tresource` VALUES ('44', 'grade_addGradeRule');
INSERT INTO `trole_tresource` VALUES ('31', 'grade_edit');
INSERT INTO `trole_tresource` VALUES ('38', 'grade_edit');
INSERT INTO `trole_tresource` VALUES ('44', 'grade_edit');
INSERT INTO `trole_tresource` VALUES ('31', 'grade_remove');
INSERT INTO `trole_tresource` VALUES ('38', 'grade_remove');
INSERT INTO `trole_tresource` VALUES ('44', 'grade_remove');
INSERT INTO `trole_tresource` VALUES ('31', 'grkqxq');
INSERT INTO `trole_tresource` VALUES ('38', 'grkqxq');
INSERT INTO `trole_tresource` VALUES ('44', 'grkqxq');
INSERT INTO `trole_tresource` VALUES ('31', 'hmdgl');
INSERT INTO `trole_tresource` VALUES ('38', 'hmdgl');
INSERT INTO `trole_tresource` VALUES ('44', 'hmdgl');
INSERT INTO `trole_tresource` VALUES ('52', 'hmdgl');
INSERT INTO `trole_tresource` VALUES ('31', 'hmdgl_gx');
INSERT INTO `trole_tresource` VALUES ('38', 'hmdgl_gx');
INSERT INTO `trole_tresource` VALUES ('44', 'hmdgl_gx');
INSERT INTO `trole_tresource` VALUES ('31', 'hmdgl_lb');
INSERT INTO `trole_tresource` VALUES ('38', 'hmdgl_lb');
INSERT INTO `trole_tresource` VALUES ('44', 'hmdgl_lb');
INSERT INTO `trole_tresource` VALUES ('52', 'hmdgl_lb');
INSERT INTO `trole_tresource` VALUES ('31', 'hmdgl_sc');
INSERT INTO `trole_tresource` VALUES ('38', 'hmdgl_sc');
INSERT INTO `trole_tresource` VALUES ('44', 'hmdgl_sc');
INSERT INTO `trole_tresource` VALUES ('31', 'hsyh');
INSERT INTO `trole_tresource` VALUES ('51', 'hsyh');
INSERT INTO `trole_tresource` VALUES ('31', 'hsyh_hs');
INSERT INTO `trole_tresource` VALUES ('51', 'hsyh_hs');
INSERT INTO `trole_tresource` VALUES ('31', 'hsyh_lb');
INSERT INTO `trole_tresource` VALUES ('51', 'hsyh_lb');
INSERT INTO `trole_tresource` VALUES ('31', 'hygl_editPwd');
INSERT INTO `trole_tresource` VALUES ('46', 'hygl_editPwd');
INSERT INTO `trole_tresource` VALUES ('31', 'hygl_grant');
INSERT INTO `trole_tresource` VALUES ('46', 'hygl_grant');
INSERT INTO `trole_tresource` VALUES ('31', 'hygl_grantPage');
INSERT INTO `trole_tresource` VALUES ('46', 'hygl_grantPage');
INSERT INTO `trole_tresource` VALUES ('31', 'hyshdz');
INSERT INTO `trole_tresource` VALUES ('38', 'hyshdz');
INSERT INTO `trole_tresource` VALUES ('40', 'hyshdz');
INSERT INTO `trole_tresource` VALUES ('42', 'hyshdz');
INSERT INTO `trole_tresource` VALUES ('44', 'hyshdz');
INSERT INTO `trole_tresource` VALUES ('47', 'hyshdz');
INSERT INTO `trole_tresource` VALUES ('48', 'hyshdz');
INSERT INTO `trole_tresource` VALUES ('51', 'hyshdz');
INSERT INTO `trole_tresource` VALUES ('52', 'hyshdz');
INSERT INTO `trole_tresource` VALUES ('31', 'hyzjtzd');
INSERT INTO `trole_tresource` VALUES ('42', 'hyzjtzd');
INSERT INTO `trole_tresource` VALUES ('31', 'jfhd');
INSERT INTO `trole_tresource` VALUES ('38', 'jfhd');
INSERT INTO `trole_tresource` VALUES ('31', 'jflscx');
INSERT INTO `trole_tresource` VALUES ('42', 'jflscx');
INSERT INTO `trole_tresource` VALUES ('44', 'jflscx');
INSERT INTO `trole_tresource` VALUES ('47', 'jflscx');
INSERT INTO `trole_tresource` VALUES ('50', 'jflscx');
INSERT INTO `trole_tresource` VALUES ('51', 'jflscx');
INSERT INTO `trole_tresource` VALUES ('31', 'jflscx1');
INSERT INTO `trole_tresource` VALUES ('42', 'jflscx1');
INSERT INTO `trole_tresource` VALUES ('44', 'jflscx1');
INSERT INTO `trole_tresource` VALUES ('47', 'jflscx1');
INSERT INTO `trole_tresource` VALUES ('50', 'jflscx1');
INSERT INTO `trole_tresource` VALUES ('51', 'jflscx1');
INSERT INTO `trole_tresource` VALUES ('31', 'jjrwh');
INSERT INTO `trole_tresource` VALUES ('39', 'jjrwh');
INSERT INTO `trole_tresource` VALUES ('41', 'jjrwh');
INSERT INTO `trole_tresource` VALUES ('31', 'jjrwh_bj');
INSERT INTO `trole_tresource` VALUES ('39', 'jjrwh_bj');
INSERT INTO `trole_tresource` VALUES ('41', 'jjrwh_bj');
INSERT INTO `trole_tresource` VALUES ('31', 'jjrwh_lb');
INSERT INTO `trole_tresource` VALUES ('39', 'jjrwh_lb');
INSERT INTO `trole_tresource` VALUES ('41', 'jjrwh_lb');
INSERT INTO `trole_tresource` VALUES ('31', 'jjrwh_sc');
INSERT INTO `trole_tresource` VALUES ('39', 'jjrwh_sc');
INSERT INTO `trole_tresource` VALUES ('41', 'jjrwh_sc');
INSERT INTO `trole_tresource` VALUES ('39', 'jjrwh_tb');
INSERT INTO `trole_tresource` VALUES ('41', 'jjrwh_tb');
INSERT INTO `trole_tresource` VALUES ('31', 'jjrwh_tj');
INSERT INTO `trole_tresource` VALUES ('39', 'jjrwh_tj');
INSERT INTO `trole_tresource` VALUES ('41', 'jjrwh_tj');
INSERT INTO `trole_tresource` VALUES ('11', 'jsgl');
INSERT INTO `trole_tresource` VALUES ('31', 'jsgl');
INSERT INTO `trole_tresource` VALUES ('46', 'jsgl');
INSERT INTO `trole_tresource` VALUES ('31', 'jsgl_add');
INSERT INTO `trole_tresource` VALUES ('46', 'jsgl_add');
INSERT INTO `trole_tresource` VALUES ('31', 'jsgl_add_page');
INSERT INTO `trole_tresource` VALUES ('46', 'jsgl_add_page');
INSERT INTO `trole_tresource` VALUES ('31', 'jsgl_delete');
INSERT INTO `trole_tresource` VALUES ('46', 'jsgl_delete');
INSERT INTO `trole_tresource` VALUES ('31', 'jsgl_edit');
INSERT INTO `trole_tresource` VALUES ('46', 'jsgl_edit');
INSERT INTO `trole_tresource` VALUES ('31', 'jsgl_edit_page');
INSERT INTO `trole_tresource` VALUES ('46', 'jsgl_edit_page');
INSERT INTO `trole_tresource` VALUES ('31', 'jsgl_grant');
INSERT INTO `trole_tresource` VALUES ('46', 'jsgl_grant');
INSERT INTO `trole_tresource` VALUES ('31', 'jsgl_grantPage');
INSERT INTO `trole_tresource` VALUES ('46', 'jsgl_grantPage');
INSERT INTO `trole_tresource` VALUES ('31', 'jsgl_query');
INSERT INTO `trole_tresource` VALUES ('46', 'jsgl_query');
INSERT INTO `trole_tresource` VALUES ('31', 'khbdyhkcx');
INSERT INTO `trole_tresource` VALUES ('40', 'khbdyhkcx');
INSERT INTO `trole_tresource` VALUES ('42', 'khbdyhkcx');
INSERT INTO `trole_tresource` VALUES ('44', 'khbdyhkcx');
INSERT INTO `trole_tresource` VALUES ('47', 'khbdyhkcx');
INSERT INTO `trole_tresource` VALUES ('48', 'khbdyhkcx');
INSERT INTO `trole_tresource` VALUES ('51', 'khbdyhkcx');
INSERT INTO `trole_tresource` VALUES ('52', 'khbdyhkcx');
INSERT INTO `trole_tresource` VALUES ('31', 'khdjxx');
INSERT INTO `trole_tresource` VALUES ('44', 'khdjxx');
INSERT INTO `trole_tresource` VALUES ('52', 'khdjxx');
INSERT INTO `trole_tresource` VALUES ('31', 'khjbxx');
INSERT INTO `trole_tresource` VALUES ('42', 'khjbxx');
INSERT INTO `trole_tresource` VALUES ('44', 'khjbxx');
INSERT INTO `trole_tresource` VALUES ('47', 'khjbxx');
INSERT INTO `trole_tresource` VALUES ('48', 'khjbxx');
INSERT INTO `trole_tresource` VALUES ('51', 'khjbxx');
INSERT INTO `trole_tresource` VALUES ('52', 'khjbxx');
INSERT INTO `trole_tresource` VALUES ('31', 'khjcxxgl');
INSERT INTO `trole_tresource` VALUES ('38', 'khjcxxgl');
INSERT INTO `trole_tresource` VALUES ('39', 'khjcxxgl');
INSERT INTO `trole_tresource` VALUES ('40', 'khjcxxgl');
INSERT INTO `trole_tresource` VALUES ('41', 'khjcxxgl');
INSERT INTO `trole_tresource` VALUES ('42', 'khjcxxgl');
INSERT INTO `trole_tresource` VALUES ('44', 'khjcxxgl');
INSERT INTO `trole_tresource` VALUES ('47', 'khjcxxgl');
INSERT INTO `trole_tresource` VALUES ('50', 'khjcxxgl');
INSERT INTO `trole_tresource` VALUES ('51', 'khjcxxgl');
INSERT INTO `trole_tresource` VALUES ('52', 'khjcxxgl');
INSERT INTO `trole_tresource` VALUES ('54', 'khjcxxgl');
INSERT INTO `trole_tresource` VALUES ('31', 'khxx');
INSERT INTO `trole_tresource` VALUES ('38', 'khxx');
INSERT INTO `trole_tresource` VALUES ('39', 'khxx');
INSERT INTO `trole_tresource` VALUES ('40', 'khxx');
INSERT INTO `trole_tresource` VALUES ('41', 'khxx');
INSERT INTO `trole_tresource` VALUES ('42', 'khxx');
INSERT INTO `trole_tresource` VALUES ('43', 'khxx');
INSERT INTO `trole_tresource` VALUES ('44', 'khxx');
INSERT INTO `trole_tresource` VALUES ('47', 'khxx');
INSERT INTO `trole_tresource` VALUES ('48', 'khxx');
INSERT INTO `trole_tresource` VALUES ('50', 'khxx');
INSERT INTO `trole_tresource` VALUES ('51', 'khxx');
INSERT INTO `trole_tresource` VALUES ('52', 'khxx');
INSERT INTO `trole_tresource` VALUES ('54', 'khxx');
INSERT INTO `trole_tresource` VALUES ('31', 'khxxcx');
INSERT INTO `trole_tresource` VALUES ('38', 'khxxcx');
INSERT INTO `trole_tresource` VALUES ('40', 'khxxcx');
INSERT INTO `trole_tresource` VALUES ('42', 'khxxcx');
INSERT INTO `trole_tresource` VALUES ('43', 'khxxcx');
INSERT INTO `trole_tresource` VALUES ('44', 'khxxcx');
INSERT INTO `trole_tresource` VALUES ('47', 'khxxcx');
INSERT INTO `trole_tresource` VALUES ('48', 'khxxcx');
INSERT INTO `trole_tresource` VALUES ('51', 'khxxcx');
INSERT INTO `trole_tresource` VALUES ('52', 'khxxcx');
INSERT INTO `trole_tresource` VALUES ('54', 'khxxcx');
INSERT INTO `trole_tresource` VALUES ('31', 'khxxfsdxym');
INSERT INTO `trole_tresource` VALUES ('40', 'khxxfsdxym');
INSERT INTO `trole_tresource` VALUES ('44', 'khxxfsdxym');
INSERT INTO `trole_tresource` VALUES ('31', 'khxxhj');
INSERT INTO `trole_tresource` VALUES ('42', 'khxxhj');
INSERT INTO `trole_tresource` VALUES ('44', 'khxxhj');
INSERT INTO `trole_tresource` VALUES ('47', 'khxxhj');
INSERT INTO `trole_tresource` VALUES ('48', 'khxxhj');
INSERT INTO `trole_tresource` VALUES ('31', 'khxxsddz');
INSERT INTO `trole_tresource` VALUES ('42', 'khxxsddz');
INSERT INTO `trole_tresource` VALUES ('47', 'khxxsddz');
INSERT INTO `trole_tresource` VALUES ('48', 'khxxsddz');
INSERT INTO `trole_tresource` VALUES ('31', 'khxxsddzym');
INSERT INTO `trole_tresource` VALUES ('42', 'khxxsddzym');
INSERT INTO `trole_tresource` VALUES ('47', 'khxxsddzym');
INSERT INTO `trole_tresource` VALUES ('48', 'khxxsddzym');
INSERT INTO `trole_tresource` VALUES ('31', 'khxxxgsjh');
INSERT INTO `trole_tresource` VALUES ('38', 'khxxxgsjh');
INSERT INTO `trole_tresource` VALUES ('44', 'khxxxgsjh');
INSERT INTO `trole_tresource` VALUES ('31', 'khxxxgsjhcx');
INSERT INTO `trole_tresource` VALUES ('38', 'khxxxgsjhcx');
INSERT INTO `trole_tresource` VALUES ('44', 'khxxxgsjhcx');
INSERT INTO `trole_tresource` VALUES ('52', 'khxxxgsjhcx');
INSERT INTO `trole_tresource` VALUES ('31', 'khxxxx');
INSERT INTO `trole_tresource` VALUES ('40', 'khxxxx');
INSERT INTO `trole_tresource` VALUES ('42', 'khxxxx');
INSERT INTO `trole_tresource` VALUES ('44', 'khxxxx');
INSERT INTO `trole_tresource` VALUES ('47', 'khxxxx');
INSERT INTO `trole_tresource` VALUES ('48', 'khxxxx');
INSERT INTO `trole_tresource` VALUES ('52', 'khxxxx');
INSERT INTO `trole_tresource` VALUES ('31', 'khxxzjlscx');
INSERT INTO `trole_tresource` VALUES ('40', 'khxxzjlscx');
INSERT INTO `trole_tresource` VALUES ('52', 'khxxzjlscx');
INSERT INTO `trole_tresource` VALUES ('31', 'khxx_bjsj');
INSERT INTO `trole_tresource` VALUES ('31', 'khxx_bjsm');
INSERT INTO `trole_tresource` VALUES ('44', 'khxx_bjsm');
INSERT INTO `trole_tresource` VALUES ('52', 'khxx_bjsm');
INSERT INTO `trole_tresource` VALUES ('31', 'khxx_cksj');
INSERT INTO `trole_tresource` VALUES ('40', 'khxx_cksj');
INSERT INTO `trole_tresource` VALUES ('31', 'khxx_dcyhsj');
INSERT INTO `trole_tresource` VALUES ('31', 'khxx_jb');
INSERT INTO `trole_tresource` VALUES ('40', 'khxx_jb');
INSERT INTO `trole_tresource` VALUES ('44', 'khxx_jb');
INSERT INTO `trole_tresource` VALUES ('51', 'khxx_jb');
INSERT INTO `trole_tresource` VALUES ('31', 'khxx_jbjl');
INSERT INTO `trole_tresource` VALUES ('42', 'khxx_jbjl');
INSERT INTO `trole_tresource` VALUES ('47', 'khxx_jbjl');
INSERT INTO `trole_tresource` VALUES ('51', 'khxx_jbjl');
INSERT INTO `trole_tresource` VALUES ('52', 'khxx_jbjl');
INSERT INTO `trole_tresource` VALUES ('31', 'khxx_jlsj');
INSERT INTO `trole_tresource` VALUES ('40', 'khxx_jlsj');
INSERT INTO `trole_tresource` VALUES ('31', 'khxx_offline');
INSERT INTO `trole_tresource` VALUES ('42', 'khxx_offline');
INSERT INTO `trole_tresource` VALUES ('47', 'khxx_offline');
INSERT INTO `trole_tresource` VALUES ('48', 'khxx_offline');
INSERT INTO `trole_tresource` VALUES ('54', 'khxx_offline');
INSERT INTO `trole_tresource` VALUES ('31', 'khxx_scgrkq');
INSERT INTO `trole_tresource` VALUES ('44', 'khxx_scgrkq');
INSERT INTO `trole_tresource` VALUES ('31', 'khxx_scsj');
INSERT INTO `trole_tresource` VALUES ('31', 'khxx_shdzlb');
INSERT INTO `trole_tresource` VALUES ('38', 'khxx_shdzlb');
INSERT INTO `trole_tresource` VALUES ('40', 'khxx_shdzlb');
INSERT INTO `trole_tresource` VALUES ('44', 'khxx_shdzlb');
INSERT INTO `trole_tresource` VALUES ('31', 'khxx_wh');
INSERT INTO `trole_tresource` VALUES ('40', 'khxx_wh');
INSERT INTO `trole_tresource` VALUES ('31', 'khxx_xgdj');
INSERT INTO `trole_tresource` VALUES ('44', 'khxx_xgdj');
INSERT INTO `trole_tresource` VALUES ('51', 'khxx_xgdj');
INSERT INTO `trole_tresource` VALUES ('31', 'khxx_xgkhh');
INSERT INTO `trole_tresource` VALUES ('44', 'khxx_xgkhh');
INSERT INTO `trole_tresource` VALUES ('31', 'khxx_xgzt');
INSERT INTO `trole_tresource` VALUES ('44', 'khxx_xgzt');
INSERT INTO `trole_tresource` VALUES ('47', 'khxx_xgzt');
INSERT INTO `trole_tresource` VALUES ('31', 'khzcxx');
INSERT INTO `trole_tresource` VALUES ('40', 'khzcxx');
INSERT INTO `trole_tresource` VALUES ('42', 'khzcxx');
INSERT INTO `trole_tresource` VALUES ('44', 'khzcxx');
INSERT INTO `trole_tresource` VALUES ('47', 'khzcxx');
INSERT INTO `trole_tresource` VALUES ('48', 'khzcxx');
INSERT INTO `trole_tresource` VALUES ('52', 'khzcxx');
INSERT INTO `trole_tresource` VALUES ('31', 'khzjlsxx');
INSERT INTO `trole_tresource` VALUES ('38', 'khzjlsxx');
INSERT INTO `trole_tresource` VALUES ('39', 'khzjlsxx');
INSERT INTO `trole_tresource` VALUES ('40', 'khzjlsxx');
INSERT INTO `trole_tresource` VALUES ('41', 'khzjlsxx');
INSERT INTO `trole_tresource` VALUES ('42', 'khzjlsxx');
INSERT INTO `trole_tresource` VALUES ('44', 'khzjlsxx');
INSERT INTO `trole_tresource` VALUES ('47', 'khzjlsxx');
INSERT INTO `trole_tresource` VALUES ('48', 'khzjlsxx');
INSERT INTO `trole_tresource` VALUES ('50', 'khzjlsxx');
INSERT INTO `trole_tresource` VALUES ('52', 'khzjlsxx');
INSERT INTO `trole_tresource` VALUES ('31', 'kqcx');
INSERT INTO `trole_tresource` VALUES ('38', 'kqcx');
INSERT INTO `trole_tresource` VALUES ('44', 'kqcx');
INSERT INTO `trole_tresource` VALUES ('52', 'kqcx');
INSERT INTO `trole_tresource` VALUES ('31', 'kqcx_lb');
INSERT INTO `trole_tresource` VALUES ('38', 'kqcx_lb');
INSERT INTO `trole_tresource` VALUES ('44', 'kqcx_lb');
INSERT INTO `trole_tresource` VALUES ('52', 'kqcx_lb');
INSERT INTO `trole_tresource` VALUES ('31', 'kqmxgl');
INSERT INTO `trole_tresource` VALUES ('38', 'kqmxgl');
INSERT INTO `trole_tresource` VALUES ('31', 'kqmxglbj');
INSERT INTO `trole_tresource` VALUES ('38', 'kqmxglbj');
INSERT INTO `trole_tresource` VALUES ('31', 'kqmxglcx');
INSERT INTO `trole_tresource` VALUES ('38', 'kqmxglcx');
INSERT INTO `trole_tresource` VALUES ('31', 'kqmxglpltj');
INSERT INTO `trole_tresource` VALUES ('38', 'kqmxglpltj');
INSERT INTO `trole_tresource` VALUES ('31', 'kqmxgltj');
INSERT INTO `trole_tresource` VALUES ('38', 'kqmxgltj');
INSERT INTO `trole_tresource` VALUES ('31', 'kqmxgl_bj');
INSERT INTO `trole_tresource` VALUES ('38', 'kqmxgl_bj');
INSERT INTO `trole_tresource` VALUES ('31', 'kqmxgl_plsc');
INSERT INTO `trole_tresource` VALUES ('38', 'kqmxgl_plsc');
INSERT INTO `trole_tresource` VALUES ('31', 'kqmxgl_sc');
INSERT INTO `trole_tresource` VALUES ('38', 'kqmxgl_sc');
INSERT INTO `trole_tresource` VALUES ('31', 'kqmxgl_tj');
INSERT INTO `trole_tresource` VALUES ('38', 'kqmxgl_tj');
INSERT INTO `trole_tresource` VALUES ('31', 'kqsqd_lb');
INSERT INTO `trole_tresource` VALUES ('38', 'kqsqd_lb');
INSERT INTO `trole_tresource` VALUES ('44', 'kqsqd_lb');
INSERT INTO `trole_tresource` VALUES ('31', 'lrtq');
INSERT INTO `trole_tresource` VALUES ('38', 'lrtq');
INSERT INTO `trole_tresource` VALUES ('39', 'lrtq');
INSERT INTO `trole_tresource` VALUES ('40', 'lrtq');
INSERT INTO `trole_tresource` VALUES ('41', 'lrtq');
INSERT INTO `trole_tresource` VALUES ('42', 'lrtq');
INSERT INTO `trole_tresource` VALUES ('44', 'lrtq');
INSERT INTO `trole_tresource` VALUES ('47', 'lrtq');
INSERT INTO `trole_tresource` VALUES ('48', 'lrtq');
INSERT INTO `trole_tresource` VALUES ('50', 'lrtq');
INSERT INTO `trole_tresource` VALUES ('51', 'lrtq');
INSERT INTO `trole_tresource` VALUES ('52', 'lrtq');
INSERT INTO `trole_tresource` VALUES ('31', 'lrtqcx');
INSERT INTO `trole_tresource` VALUES ('38', 'lrtqcx');
INSERT INTO `trole_tresource` VALUES ('39', 'lrtqcx');
INSERT INTO `trole_tresource` VALUES ('40', 'lrtqcx');
INSERT INTO `trole_tresource` VALUES ('41', 'lrtqcx');
INSERT INTO `trole_tresource` VALUES ('42', 'lrtqcx');
INSERT INTO `trole_tresource` VALUES ('44', 'lrtqcx');
INSERT INTO `trole_tresource` VALUES ('47', 'lrtqcx');
INSERT INTO `trole_tresource` VALUES ('48', 'lrtqcx');
INSERT INTO `trole_tresource` VALUES ('50', 'lrtqcx');
INSERT INTO `trole_tresource` VALUES ('51', 'lrtqcx');
INSERT INTO `trole_tresource` VALUES ('52', 'lrtqcx');
INSERT INTO `trole_tresource` VALUES ('31', 'lrtqdc');
INSERT INTO `trole_tresource` VALUES ('42', 'lrtqdc');
INSERT INTO `trole_tresource` VALUES ('47', 'lrtqdc');
INSERT INTO `trole_tresource` VALUES ('48', 'lrtqdc');
INSERT INTO `trole_tresource` VALUES ('31', 'lrtq_btg');
INSERT INTO `trole_tresource` VALUES ('42', 'lrtq_btg');
INSERT INTO `trole_tresource` VALUES ('31', 'ordergoodsdetail');
INSERT INTO `trole_tresource` VALUES ('38', 'ordergoodsdetail');
INSERT INTO `trole_tresource` VALUES ('44', 'ordergoodsdetail');
INSERT INTO `trole_tresource` VALUES ('51', 'ordergoodsdetail');
INSERT INTO `trole_tresource` VALUES ('31', 'plfs');
INSERT INTO `trole_tresource` VALUES ('38', 'plfs');
INSERT INTO `trole_tresource` VALUES ('40', 'plfs');
INSERT INTO `trole_tresource` VALUES ('31', 'pzcppz');
INSERT INTO `trole_tresource` VALUES ('38', 'pzcppz');
INSERT INTO `trole_tresource` VALUES ('44', 'pzcppz');
INSERT INTO `trole_tresource` VALUES ('51', 'pzcppz');
INSERT INTO `trole_tresource` VALUES ('52', 'pzcppz');
INSERT INTO `trole_tresource` VALUES ('31', 'pzxxzl');
INSERT INTO `trole_tresource` VALUES ('38', 'pzxxzl');
INSERT INTO `trole_tresource` VALUES ('39', 'pzxxzl');
INSERT INTO `trole_tresource` VALUES ('40', 'pzxxzl');
INSERT INTO `trole_tresource` VALUES ('41', 'pzxxzl');
INSERT INTO `trole_tresource` VALUES ('42', 'pzxxzl');
INSERT INTO `trole_tresource` VALUES ('43', 'pzxxzl');
INSERT INTO `trole_tresource` VALUES ('44', 'pzxxzl');
INSERT INTO `trole_tresource` VALUES ('47', 'pzxxzl');
INSERT INTO `trole_tresource` VALUES ('48', 'pzxxzl');
INSERT INTO `trole_tresource` VALUES ('49', 'pzxxzl');
INSERT INTO `trole_tresource` VALUES ('50', 'pzxxzl');
INSERT INTO `trole_tresource` VALUES ('51', 'pzxxzl');
INSERT INTO `trole_tresource` VALUES ('52', 'pzxxzl');
INSERT INTO `trole_tresource` VALUES ('31', 'pzxxzl_hycc');
INSERT INTO `trole_tresource` VALUES ('38', 'pzxxzl_hycc');
INSERT INTO `trole_tresource` VALUES ('39', 'pzxxzl_hycc');
INSERT INTO `trole_tresource` VALUES ('40', 'pzxxzl_hycc');
INSERT INTO `trole_tresource` VALUES ('41', 'pzxxzl_hycc');
INSERT INTO `trole_tresource` VALUES ('44', 'pzxxzl_hycc');
INSERT INTO `trole_tresource` VALUES ('52', 'pzxxzl_hycc');
INSERT INTO `trole_tresource` VALUES ('31', 'pzxxzl_hypc');
INSERT INTO `trole_tresource` VALUES ('39', 'pzxxzl_hypc');
INSERT INTO `trole_tresource` VALUES ('41', 'pzxxzl_hypc');
INSERT INTO `trole_tresource` VALUES ('31', 'pzxxzl_hyxq');
INSERT INTO `trole_tresource` VALUES ('38', 'pzxxzl_hyxq');
INSERT INTO `trole_tresource` VALUES ('40', 'pzxxzl_hyxq');
INSERT INTO `trole_tresource` VALUES ('44', 'pzxxzl_hyxq');
INSERT INTO `trole_tresource` VALUES ('52', 'pzxxzl_hyxq');
INSERT INTO `trole_tresource` VALUES ('31', 'pzxxzl_sdyq');
INSERT INTO `trole_tresource` VALUES ('31', 'pz_end');
INSERT INTO `trole_tresource` VALUES ('39', 'pz_end');
INSERT INTO `trole_tresource` VALUES ('41', 'pz_end');
INSERT INTO `trole_tresource` VALUES ('31', 'pz_export');
INSERT INTO `trole_tresource` VALUES ('38', 'pz_export');
INSERT INTO `trole_tresource` VALUES ('39', 'pz_export');
INSERT INTO `trole_tresource` VALUES ('41', 'pz_export');
INSERT INTO `trole_tresource` VALUES ('42', 'pz_export');
INSERT INTO `trole_tresource` VALUES ('44', 'pz_export');
INSERT INTO `trole_tresource` VALUES ('47', 'pz_export');
INSERT INTO `trole_tresource` VALUES ('31', 'pz_frozen');
INSERT INTO `trole_tresource` VALUES ('31', 'pz_hybhxx');
INSERT INTO `trole_tresource` VALUES ('40', 'pz_hybhxx');
INSERT INTO `trole_tresource` VALUES ('44', 'pz_hybhxx');
INSERT INTO `trole_tresource` VALUES ('51', 'pz_hybhxx');
INSERT INTO `trole_tresource` VALUES ('52', 'pz_hybhxx');
INSERT INTO `trole_tresource` VALUES ('31', 'pz_limitBuy');
INSERT INTO `trole_tresource` VALUES ('39', 'pz_limitBuy');
INSERT INTO `trole_tresource` VALUES ('41', 'pz_limitBuy');
INSERT INTO `trole_tresource` VALUES ('44', 'pz_limitBuy');
INSERT INTO `trole_tresource` VALUES ('31', 'pz_list');
INSERT INTO `trole_tresource` VALUES ('38', 'pz_list');
INSERT INTO `trole_tresource` VALUES ('39', 'pz_list');
INSERT INTO `trole_tresource` VALUES ('40', 'pz_list');
INSERT INTO `trole_tresource` VALUES ('41', 'pz_list');
INSERT INTO `trole_tresource` VALUES ('42', 'pz_list');
INSERT INTO `trole_tresource` VALUES ('43', 'pz_list');
INSERT INTO `trole_tresource` VALUES ('44', 'pz_list');
INSERT INTO `trole_tresource` VALUES ('45', 'pz_list');
INSERT INTO `trole_tresource` VALUES ('47', 'pz_list');
INSERT INTO `trole_tresource` VALUES ('48', 'pz_list');
INSERT INTO `trole_tresource` VALUES ('49', 'pz_list');
INSERT INTO `trole_tresource` VALUES ('50', 'pz_list');
INSERT INTO `trole_tresource` VALUES ('51', 'pz_list');
INSERT INTO `trole_tresource` VALUES ('52', 'pz_list');
INSERT INTO `trole_tresource` VALUES ('31', 'pz_settlement');
INSERT INTO `trole_tresource` VALUES ('31', 'pz_sgpz');
INSERT INTO `trole_tresource` VALUES ('31', 'pz_showWfChangeRecord');
INSERT INTO `trole_tresource` VALUES ('38', 'pz_showWfChangeRecord');
INSERT INTO `trole_tresource` VALUES ('40', 'pz_showWfChangeRecord');
INSERT INTO `trole_tresource` VALUES ('44', 'pz_showWfChangeRecord');
INSERT INTO `trole_tresource` VALUES ('51', 'pz_showWfChangeRecord');
INSERT INTO `trole_tresource` VALUES ('52', 'pz_showWfChangeRecord');
INSERT INTO `trole_tresource` VALUES ('31', 'qxshtg');
INSERT INTO `trole_tresource` VALUES ('38', 'qxshtg');
INSERT INTO `trole_tresource` VALUES ('31', 'reduceorder');
INSERT INTO `trole_tresource` VALUES ('38', 'reduceorder');
INSERT INTO `trole_tresource` VALUES ('44', 'reduceorder');
INSERT INTO `trole_tresource` VALUES ('51', 'reduceorder');
INSERT INTO `trole_tresource` VALUES ('31', 'reduceorderauditFail');
INSERT INTO `trole_tresource` VALUES ('31', 'reduceorderexport');
INSERT INTO `trole_tresource` VALUES ('44', 'reduceorderexport');
INSERT INTO `trole_tresource` VALUES ('31', 'reduceordersearch');
INSERT INTO `trole_tresource` VALUES ('38', 'reduceordersearch');
INSERT INTO `trole_tresource` VALUES ('44', 'reduceordersearch');
INSERT INTO `trole_tresource` VALUES ('51', 'reduceordersearch');
INSERT INTO `trole_tresource` VALUES ('31', 'scdxsqd');
INSERT INTO `trole_tresource` VALUES ('38', 'scdxsqd');
INSERT INTO `trole_tresource` VALUES ('31', 'scheduleJob_manage');
INSERT INTO `trole_tresource` VALUES ('51', 'scheduleJob_manage');
INSERT INTO `trole_tresource` VALUES ('31', 'schedule_add');
INSERT INTO `trole_tresource` VALUES ('51', 'schedule_add');
INSERT INTO `trole_tresource` VALUES ('31', 'schedule_addPage');
INSERT INTO `trole_tresource` VALUES ('51', 'schedule_addPage');
INSERT INTO `trole_tresource` VALUES ('31', 'schedule_edit');
INSERT INTO `trole_tresource` VALUES ('51', 'schedule_edit');
INSERT INTO `trole_tresource` VALUES ('31', 'schedule_editPage');
INSERT INTO `trole_tresource` VALUES ('51', 'schedule_editPage');
INSERT INTO `trole_tresource` VALUES ('31', 'schedule_list');
INSERT INTO `trole_tresource` VALUES ('51', 'schedule_list');
INSERT INTO `trole_tresource` VALUES ('31', 'scwj');
INSERT INTO `trole_tresource` VALUES ('43', 'scwj');
INSERT INTO `trole_tresource` VALUES ('44', 'scwj');
INSERT INTO `trole_tresource` VALUES ('31', 'scyhq');
INSERT INTO `trole_tresource` VALUES ('38', 'scyhq');
INSERT INTO `trole_tresource` VALUES ('44', 'scyhq');
INSERT INTO `trole_tresource` VALUES ('31', 'sendmessage');
INSERT INTO `trole_tresource` VALUES ('40', 'sendmessage');
INSERT INTO `trole_tresource` VALUES ('44', 'sendmessage');
INSERT INTO `trole_tresource` VALUES ('31', 'shdxsqd');
INSERT INTO `trole_tresource` VALUES ('38', 'shdxsqd');
INSERT INTO `trole_tresource` VALUES ('31', 'sjhzcdjwh');
INSERT INTO `trole_tresource` VALUES ('51', 'sjhzcdjwh');
INSERT INTO `trole_tresource` VALUES ('31', 'sjhzcdjwh_djgx');
INSERT INTO `trole_tresource` VALUES ('31', 'sjhzcdjwh_dqhmdlb');
INSERT INTO `trole_tresource` VALUES ('31', 'sjhzcdjwh_lb');
INSERT INTO `trole_tresource` VALUES ('31', 'sjhzcdjwh_sc');
INSERT INTO `trole_tresource` VALUES ('31', 'SJZD');
INSERT INTO `trole_tresource` VALUES ('38', 'SJZD');
INSERT INTO `trole_tresource` VALUES ('40', 'SJZD');
INSERT INTO `trole_tresource` VALUES ('44', 'SJZD');
INSERT INTO `trole_tresource` VALUES ('51', 'SJZD');
INSERT INTO `trole_tresource` VALUES ('31', 'SJZDB');
INSERT INTO `trole_tresource` VALUES ('51', 'SJZDB');
INSERT INTO `trole_tresource` VALUES ('31', 'SJZDCX');
INSERT INTO `trole_tresource` VALUES ('51', 'SJZDCX');
INSERT INTO `trole_tresource` VALUES ('31', 'sjzdgl_bj');
INSERT INTO `trole_tresource` VALUES ('31', 'SJZDMX_Add');
INSERT INTO `trole_tresource` VALUES ('31', 'sjzdmx_sc');
INSERT INTO `trole_tresource` VALUES ('31', 'SJZD_ADD');
INSERT INTO `trole_tresource` VALUES ('31', 'sjzd_add_Detail');
INSERT INTO `trole_tresource` VALUES ('31', 'SJZD_EDIT');
INSERT INTO `trole_tresource` VALUES ('31', 'SJZD_MX');
INSERT INTO `trole_tresource` VALUES ('51', 'SJZD_MX');
INSERT INTO `trole_tresource` VALUES ('31', 'SJZD_MXY');
INSERT INTO `trole_tresource` VALUES ('31', 'SJZD_MX_ADD');
INSERT INTO `trole_tresource` VALUES ('51', 'SJZD_MX_ADD');
INSERT INTO `trole_tresource` VALUES ('31', 'SJZD_MX_EDIT');
INSERT INTO `trole_tresource` VALUES ('31', 'sjzd_sc');
INSERT INTO `trole_tresource` VALUES ('31', 'spddmx');
INSERT INTO `trole_tresource` VALUES ('38', 'spddmx');
INSERT INTO `trole_tresource` VALUES ('44', 'spddmx');
INSERT INTO `trole_tresource` VALUES ('31', 'spgl');
INSERT INTO `trole_tresource` VALUES ('38', 'spgl');
INSERT INTO `trole_tresource` VALUES ('44', 'spgl');
INSERT INTO `trole_tresource` VALUES ('31', 'spgl_lb');
INSERT INTO `trole_tresource` VALUES ('38', 'spgl_lb');
INSERT INTO `trole_tresource` VALUES ('44', 'spgl_lb');
INSERT INTO `trole_tresource` VALUES ('31', 'spxxgl');
INSERT INTO `trole_tresource` VALUES ('38', 'spxxgl');
INSERT INTO `trole_tresource` VALUES ('44', 'spxxgl');
INSERT INTO `trole_tresource` VALUES ('31', 'sp_add');
INSERT INTO `trole_tresource` VALUES ('38', 'sp_add');
INSERT INTO `trole_tresource` VALUES ('44', 'sp_add');
INSERT INTO `trole_tresource` VALUES ('31', 'sp_delete');
INSERT INTO `trole_tresource` VALUES ('38', 'sp_delete');
INSERT INTO `trole_tresource` VALUES ('44', 'sp_delete');
INSERT INTO `trole_tresource` VALUES ('31', 'sp_edit');
INSERT INTO `trole_tresource` VALUES ('38', 'sp_edit');
INSERT INTO `trole_tresource` VALUES ('44', 'sp_edit');
INSERT INTO `trole_tresource` VALUES ('31', 'sp_onsale');
INSERT INTO `trole_tresource` VALUES ('38', 'sp_onsale');
INSERT INTO `trole_tresource` VALUES ('44', 'sp_onsale');
INSERT INTO `trole_tresource` VALUES ('31', 'sp_to_addPage');
INSERT INTO `trole_tresource` VALUES ('38', 'sp_to_addPage');
INSERT INTO `trole_tresource` VALUES ('44', 'sp_to_addPage');
INSERT INTO `trole_tresource` VALUES ('31', 'sp_to_editPage');
INSERT INTO `trole_tresource` VALUES ('38', 'sp_to_editPage');
INSERT INTO `trole_tresource` VALUES ('44', 'sp_to_editPage');
INSERT INTO `trole_tresource` VALUES ('31', 'systemlog');
INSERT INTO `trole_tresource` VALUES ('51', 'systemlog');
INSERT INTO `trole_tresource` VALUES ('52', 'systemlog');
INSERT INTO `trole_tresource` VALUES ('31', 'systemlog_query');
INSERT INTO `trole_tresource` VALUES ('51', 'systemlog_query');
INSERT INTO `trole_tresource` VALUES ('52', 'systemlog_query');
INSERT INTO `trole_tresource` VALUES ('31', 'tgmgl_tgmx');
INSERT INTO `trole_tresource` VALUES ('40', 'tgmgl_tgmx');
INSERT INTO `trole_tresource` VALUES ('51', 'tgmgl_tgmx');
INSERT INTO `trole_tresource` VALUES ('31', 'tgm_add');
INSERT INTO `trole_tresource` VALUES ('38', 'tgm_add');
INSERT INTO `trole_tresource` VALUES ('43', 'tgm_add');
INSERT INTO `trole_tresource` VALUES ('44', 'tgm_add');
INSERT INTO `trole_tresource` VALUES ('50', 'tgm_add');
INSERT INTO `trole_tresource` VALUES ('31', 'tgm_detail');
INSERT INTO `trole_tresource` VALUES ('38', 'tgm_detail');
INSERT INTO `trole_tresource` VALUES ('40', 'tgm_detail');
INSERT INTO `trole_tresource` VALUES ('43', 'tgm_detail');
INSERT INTO `trole_tresource` VALUES ('44', 'tgm_detail');
INSERT INTO `trole_tresource` VALUES ('50', 'tgm_detail');
INSERT INTO `trole_tresource` VALUES ('51', 'tgm_detail');
INSERT INTO `trole_tresource` VALUES ('31', 'tgm_edit');
INSERT INTO `trole_tresource` VALUES ('38', 'tgm_edit');
INSERT INTO `trole_tresource` VALUES ('43', 'tgm_edit');
INSERT INTO `trole_tresource` VALUES ('44', 'tgm_edit');
INSERT INTO `trole_tresource` VALUES ('50', 'tgm_edit');
INSERT INTO `trole_tresource` VALUES ('31', 'tgm_excel');
INSERT INTO `trole_tresource` VALUES ('43', 'tgm_excel');
INSERT INTO `trole_tresource` VALUES ('50', 'tgm_excel');
INSERT INTO `trole_tresource` VALUES ('31', 'tjfkgz');
INSERT INTO `trole_tresource` VALUES ('39', 'tjfkgz');
INSERT INTO `trole_tresource` VALUES ('41', 'tjfkgz');
INSERT INTO `trole_tresource` VALUES ('31', 'tjfkgzym');
INSERT INTO `trole_tresource` VALUES ('39', 'tjfkgzym');
INSERT INTO `trole_tresource` VALUES ('41', 'tjfkgzym');
INSERT INTO `trole_tresource` VALUES ('31', 'tjm_gl');
INSERT INTO `trole_tresource` VALUES ('38', 'tjm_gl');
INSERT INTO `trole_tresource` VALUES ('40', 'tjm_gl');
INSERT INTO `trole_tresource` VALUES ('43', 'tjm_gl');
INSERT INTO `trole_tresource` VALUES ('44', 'tjm_gl');
INSERT INTO `trole_tresource` VALUES ('50', 'tjm_gl');
INSERT INTO `trole_tresource` VALUES ('51', 'tjm_gl');
INSERT INTO `trole_tresource` VALUES ('31', 'tjm_list');
INSERT INTO `trole_tresource` VALUES ('38', 'tjm_list');
INSERT INTO `trole_tresource` VALUES ('40', 'tjm_list');
INSERT INTO `trole_tresource` VALUES ('43', 'tjm_list');
INSERT INTO `trole_tresource` VALUES ('44', 'tjm_list');
INSERT INTO `trole_tresource` VALUES ('50', 'tjm_list');
INSERT INTO `trole_tresource` VALUES ('51', 'tjm_list');
INSERT INTO `trole_tresource` VALUES ('31', 'tkdgl_jc');
INSERT INTO `trole_tresource` VALUES ('47', 'tkdgl_jc');
INSERT INTO `trole_tresource` VALUES ('31', 'tksp');
INSERT INTO `trole_tresource` VALUES ('38', 'tksp');
INSERT INTO `trole_tresource` VALUES ('40', 'tksp');
INSERT INTO `trole_tresource` VALUES ('42', 'tksp');
INSERT INTO `trole_tresource` VALUES ('44', 'tksp');
INSERT INTO `trole_tresource` VALUES ('47', 'tksp');
INSERT INTO `trole_tresource` VALUES ('48', 'tksp');
INSERT INTO `trole_tresource` VALUES ('51', 'tksp');
INSERT INTO `trole_tresource` VALUES ('52', 'tksp');
INSERT INTO `trole_tresource` VALUES ('31', 'tkspbfdc');
INSERT INTO `trole_tresource` VALUES ('42', 'tkspbfdc');
INSERT INTO `trole_tresource` VALUES ('45', 'tkspbfdc');
INSERT INTO `trole_tresource` VALUES ('47', 'tkspbfdc');
INSERT INTO `trole_tresource` VALUES ('31', 'tkspch');
INSERT INTO `trole_tresource` VALUES ('42', 'tkspch');
INSERT INTO `trole_tresource` VALUES ('47', 'tkspch');
INSERT INTO `trole_tresource` VALUES ('31', 'tkspcx');
INSERT INTO `trole_tresource` VALUES ('38', 'tkspcx');
INSERT INTO `trole_tresource` VALUES ('40', 'tkspcx');
INSERT INTO `trole_tresource` VALUES ('42', 'tkspcx');
INSERT INTO `trole_tresource` VALUES ('44', 'tkspcx');
INSERT INTO `trole_tresource` VALUES ('47', 'tkspcx');
INSERT INTO `trole_tresource` VALUES ('48', 'tkspcx');
INSERT INTO `trole_tresource` VALUES ('51', 'tkspcx');
INSERT INTO `trole_tresource` VALUES ('52', 'tkspcx');
INSERT INTO `trole_tresource` VALUES ('31', 'tkspdc');
INSERT INTO `trole_tresource` VALUES ('42', 'tkspdc');
INSERT INTO `trole_tresource` VALUES ('47', 'tkspdc');
INSERT INTO `trole_tresource` VALUES ('31', 'tkspsp');
INSERT INTO `trole_tresource` VALUES ('42', 'tkspsp');
INSERT INTO `trole_tresource` VALUES ('47', 'tkspsp');
INSERT INTO `trole_tresource` VALUES ('31', 'tkspym');
INSERT INTO `trole_tresource` VALUES ('38', 'tkspym');
INSERT INTO `trole_tresource` VALUES ('40', 'tkspym');
INSERT INTO `trole_tresource` VALUES ('42', 'tkspym');
INSERT INTO `trole_tresource` VALUES ('44', 'tkspym');
INSERT INTO `trole_tresource` VALUES ('47', 'tkspym');
INSERT INTO `trole_tresource` VALUES ('51', 'tkspym');
INSERT INTO `trole_tresource` VALUES ('31', 'tkspzhdc');
INSERT INTO `trole_tresource` VALUES ('42', 'tkspzhdc');
INSERT INTO `trole_tresource` VALUES ('47', 'tkspzhdc');
INSERT INTO `trole_tresource` VALUES ('31', 'tksp_bh');
INSERT INTO `trole_tresource` VALUES ('42', 'tksp_bh');
INSERT INTO `trole_tresource` VALUES ('47', 'tksp_bh');
INSERT INTO `trole_tresource` VALUES ('31', 'tksp_fk');
INSERT INTO `trole_tresource` VALUES ('47', 'tksp_fk');
INSERT INTO `trole_tresource` VALUES ('31', 'tksp_fkqr');
INSERT INTO `trole_tresource` VALUES ('47', 'tksp_fkqr');
INSERT INTO `trole_tresource` VALUES ('31', 'tksp_sp');
INSERT INTO `trole_tresource` VALUES ('47', 'tksp_sp');
INSERT INTO `trole_tresource` VALUES ('31', 'tzrxx');
INSERT INTO `trole_tresource` VALUES ('38', 'tzrxx');
INSERT INTO `trole_tresource` VALUES ('39', 'tzrxx');
INSERT INTO `trole_tresource` VALUES ('40', 'tzrxx');
INSERT INTO `trole_tresource` VALUES ('41', 'tzrxx');
INSERT INTO `trole_tresource` VALUES ('42', 'tzrxx');
INSERT INTO `trole_tresource` VALUES ('43', 'tzrxx');
INSERT INTO `trole_tresource` VALUES ('44', 'tzrxx');
INSERT INTO `trole_tresource` VALUES ('47', 'tzrxx');
INSERT INTO `trole_tresource` VALUES ('48', 'tzrxx');
INSERT INTO `trole_tresource` VALUES ('51', 'tzrxx');
INSERT INTO `trole_tresource` VALUES ('52', 'tzrxx');
INSERT INTO `trole_tresource` VALUES ('31', 'user_edit_pass');
INSERT INTO `trole_tresource` VALUES ('45', 'user_edit_pass');
INSERT INTO `trole_tresource` VALUES ('52', 'user_edit_pass');
INSERT INTO `trole_tresource` VALUES ('31', 'user_edit_pass_page');
INSERT INTO `trole_tresource` VALUES ('45', 'user_edit_pass_page');
INSERT INTO `trole_tresource` VALUES ('52', 'user_edit_pass_page');
INSERT INTO `trole_tresource` VALUES ('31', 'user_login');
INSERT INTO `trole_tresource` VALUES ('31', 'wjgl');
INSERT INTO `trole_tresource` VALUES ('38', 'wjgl');
INSERT INTO `trole_tresource` VALUES ('44', 'wjgl');
INSERT INTO `trole_tresource` VALUES ('31', 'wjgl_bj');
INSERT INTO `trole_tresource` VALUES ('38', 'wjgl_bj');
INSERT INTO `trole_tresource` VALUES ('44', 'wjgl_bj');
INSERT INTO `trole_tresource` VALUES ('31', 'wjgl_px');
INSERT INTO `trole_tresource` VALUES ('38', 'wjgl_px');
INSERT INTO `trole_tresource` VALUES ('44', 'wjgl_px');
INSERT INTO `trole_tresource` VALUES ('31', 'wjgl_sc');
INSERT INTO `trole_tresource` VALUES ('38', 'wjgl_sc');
INSERT INTO `trole_tresource` VALUES ('44', 'wjgl_sc');
INSERT INTO `trole_tresource` VALUES ('31', 'wjgl_tj');
INSERT INTO `trole_tresource` VALUES ('38', 'wjgl_tj');
INSERT INTO `trole_tresource` VALUES ('44', 'wjgl_tj');
INSERT INTO `trole_tresource` VALUES ('31', 'wjgl_wjlb');
INSERT INTO `trole_tresource` VALUES ('38', 'wjgl_wjlb');
INSERT INTO `trole_tresource` VALUES ('44', 'wjgl_wjlb');
INSERT INTO `trole_tresource` VALUES ('31', 'wjgl_wtbj');
INSERT INTO `trole_tresource` VALUES ('38', 'wjgl_wtbj');
INSERT INTO `trole_tresource` VALUES ('44', 'wjgl_wtbj');
INSERT INTO `trole_tresource` VALUES ('31', 'wjgl_wtlb');
INSERT INTO `trole_tresource` VALUES ('38', 'wjgl_wtlb');
INSERT INTO `trole_tresource` VALUES ('44', 'wjgl_wtlb');
INSERT INTO `trole_tresource` VALUES ('31', 'wjgl_wtsc');
INSERT INTO `trole_tresource` VALUES ('38', 'wjgl_wtsc');
INSERT INTO `trole_tresource` VALUES ('44', 'wjgl_wtsc');
INSERT INTO `trole_tresource` VALUES ('31', 'wjgl_wttj');
INSERT INTO `trole_tresource` VALUES ('38', 'wjgl_wttj');
INSERT INTO `trole_tresource` VALUES ('44', 'wjgl_wttj');
INSERT INTO `trole_tresource` VALUES ('31', 'wxcdbj');
INSERT INTO `trole_tresource` VALUES ('49', 'wxcdbj');
INSERT INTO `trole_tresource` VALUES ('31', 'wxcdgl');
INSERT INTO `trole_tresource` VALUES ('49', 'wxcdgl');
INSERT INTO `trole_tresource` VALUES ('31', 'wxcdglbj');
INSERT INTO `trole_tresource` VALUES ('49', 'wxcdglbj');
INSERT INTO `trole_tresource` VALUES ('31', 'wxcdgl_lb');
INSERT INTO `trole_tresource` VALUES ('31', 'wxcdsc');
INSERT INTO `trole_tresource` VALUES ('49', 'wxcdsc');
INSERT INTO `trole_tresource` VALUES ('31', 'wxcdtb');
INSERT INTO `trole_tresource` VALUES ('49', 'wxcdtb');
INSERT INTO `trole_tresource` VALUES ('31', 'wxcdtjym');
INSERT INTO `trole_tresource` VALUES ('49', 'wxcdtjym');
INSERT INTO `trole_tresource` VALUES ('31', 'wxcdymtj');
INSERT INTO `trole_tresource` VALUES ('49', 'wxcdymtj');
INSERT INTO `trole_tresource` VALUES ('11', 'xtgl');
INSERT INTO `trole_tresource` VALUES ('31', 'xtgl');
INSERT INTO `trole_tresource` VALUES ('46', 'xtgl');
INSERT INTO `trole_tresource` VALUES ('52', 'xtgl');
INSERT INTO `trole_tresource` VALUES ('31', 'xtrwgl_gxrwzxbds');
INSERT INTO `trole_tresource` VALUES ('51', 'xtrwgl_gxrwzxbds');
INSERT INTO `trole_tresource` VALUES ('31', 'xtrwgl_hfrw');
INSERT INTO `trole_tresource` VALUES ('51', 'xtrwgl_hfrw');
INSERT INTO `trole_tresource` VALUES ('31', 'xtrwgl_ljzx');
INSERT INTO `trole_tresource` VALUES ('51', 'xtrwgl_ljzx');
INSERT INTO `trole_tresource` VALUES ('31', 'xtrwgl_rwkagb');
INSERT INTO `trole_tresource` VALUES ('51', 'xtrwgl_rwkagb');
INSERT INTO `trole_tresource` VALUES ('31', 'xtrwgl_ztrw');
INSERT INTO `trole_tresource` VALUES ('51', 'xtrwgl_ztrw');
INSERT INTO `trole_tresource` VALUES ('31', 'xtrwrz');
INSERT INTO `trole_tresource` VALUES ('51', 'xtrwrz');
INSERT INTO `trole_tresource` VALUES ('52', 'xtrwrz');
INSERT INTO `trole_tresource` VALUES ('31', 'xtrwrzcx');
INSERT INTO `trole_tresource` VALUES ('51', 'xtrwrzcx');
INSERT INTO `trole_tresource` VALUES ('52', 'xtrwrzcx');
INSERT INTO `trole_tresource` VALUES ('31', 'xtxj_jz');
INSERT INTO `trole_tresource` VALUES ('45', 'xtxj_jz');
INSERT INTO `trole_tresource` VALUES ('52', 'xtxj_jz');
INSERT INTO `trole_tresource` VALUES ('31', 'xxgl');
INSERT INTO `trole_tresource` VALUES ('38', 'xxgl');
INSERT INTO `trole_tresource` VALUES ('40', 'xxgl');
INSERT INTO `trole_tresource` VALUES ('44', 'xxgl');
INSERT INTO `trole_tresource` VALUES ('51', 'xxgl');
INSERT INTO `trole_tresource` VALUES ('31', 'xxgl_cshxxlx');
INSERT INTO `trole_tresource` VALUES ('31', 'xxgl_lb');
INSERT INTO `trole_tresource` VALUES ('38', 'xxgl_lb');
INSERT INTO `trole_tresource` VALUES ('40', 'xxgl_lb');
INSERT INTO `trole_tresource` VALUES ('44', 'xxgl_lb');
INSERT INTO `trole_tresource` VALUES ('51', 'xxgl_lb');
INSERT INTO `trole_tresource` VALUES ('31', 'xxgl_xxfz');
INSERT INTO `trole_tresource` VALUES ('31', 'xxsqdgl');
INSERT INTO `trole_tresource` VALUES ('38', 'xxsqdgl');
INSERT INTO `trole_tresource` VALUES ('44', 'xxsqdgl');
INSERT INTO `trole_tresource` VALUES ('31', 'xxsqdgl_bj');
INSERT INTO `trole_tresource` VALUES ('44', 'xxsqdgl_bj');
INSERT INTO `trole_tresource` VALUES ('31', 'xxsqdgl_lb');
INSERT INTO `trole_tresource` VALUES ('38', 'xxsqdgl_lb');
INSERT INTO `trole_tresource` VALUES ('44', 'xxsqdgl_lb');
INSERT INTO `trole_tresource` VALUES ('31', 'xxsqdgl_scxx');
INSERT INTO `trole_tresource` VALUES ('44', 'xxsqdgl_scxx');
INSERT INTO `trole_tresource` VALUES ('31', 'xxsqdgl_sh');
INSERT INTO `trole_tresource` VALUES ('38', 'xxsqdgl_sh');
INSERT INTO `trole_tresource` VALUES ('31', 'xxsqdgl_tj');
INSERT INTO `trole_tresource` VALUES ('44', 'xxsqdgl_tj');
INSERT INTO `trole_tresource` VALUES ('31', 'xxxj');
INSERT INTO `trole_tresource` VALUES ('45', 'xxxj');
INSERT INTO `trole_tresource` VALUES ('51', 'xxxj');
INSERT INTO `trole_tresource` VALUES ('52', 'xxxj');
INSERT INTO `trole_tresource` VALUES ('31', 'xxxjcx');
INSERT INTO `trole_tresource` VALUES ('45', 'xxxjcx');
INSERT INTO `trole_tresource` VALUES ('51', 'xxxjcx');
INSERT INTO `trole_tresource` VALUES ('52', 'xxxjcx');
INSERT INTO `trole_tresource` VALUES ('31', 'xzgpgl');
INSERT INTO `trole_tresource` VALUES ('39', 'xzgpgl');
INSERT INTO `trole_tresource` VALUES ('41', 'xzgpgl');
INSERT INTO `trole_tresource` VALUES ('51', 'xzgpgl');
INSERT INTO `trole_tresource` VALUES ('31', 'xzgpgl_cx');
INSERT INTO `trole_tresource` VALUES ('39', 'xzgpgl_cx');
INSERT INTO `trole_tresource` VALUES ('41', 'xzgpgl_cx');
INSERT INTO `trole_tresource` VALUES ('51', 'xzgpgl_cx');
INSERT INTO `trole_tresource` VALUES ('31', 'xzgpgl_dc');
INSERT INTO `trole_tresource` VALUES ('39', 'xzgpgl_dc');
INSERT INTO `trole_tresource` VALUES ('41', 'xzgpgl_dc');
INSERT INTO `trole_tresource` VALUES ('31', 'xzgpgl_dr');
INSERT INTO `trole_tresource` VALUES ('39', 'xzgpgl_dr');
INSERT INTO `trole_tresource` VALUES ('41', 'xzgpgl_dr');
INSERT INTO `trole_tresource` VALUES ('31', 'xzgpgl_gx');
INSERT INTO `trole_tresource` VALUES ('39', 'xzgpgl_gx');
INSERT INTO `trole_tresource` VALUES ('41', 'xzgpgl_gx');
INSERT INTO `trole_tresource` VALUES ('31', 'xzgpgl_sc');
INSERT INTO `trole_tresource` VALUES ('39', 'xzgpgl_sc');
INSERT INTO `trole_tresource` VALUES ('41', 'xzgpgl_sc');
INSERT INTO `trole_tresource` VALUES ('31', 'xzgpgl_tj');
INSERT INTO `trole_tresource` VALUES ('39', 'xzgpgl_tj');
INSERT INTO `trole_tresource` VALUES ('41', 'xzgpgl_tj');
INSERT INTO `trole_tresource` VALUES ('11', 'yhgl');
INSERT INTO `trole_tresource` VALUES ('31', 'yhgl');
INSERT INTO `trole_tresource` VALUES ('46', 'yhgl');
INSERT INTO `trole_tresource` VALUES ('31', 'yhgl_add');
INSERT INTO `trole_tresource` VALUES ('46', 'yhgl_add');
INSERT INTO `trole_tresource` VALUES ('31', 'yhgl_add_page');
INSERT INTO `trole_tresource` VALUES ('46', 'yhgl_add_page');
INSERT INTO `trole_tresource` VALUES ('31', 'yhgl_edit');
INSERT INTO `trole_tresource` VALUES ('46', 'yhgl_edit');
INSERT INTO `trole_tresource` VALUES ('31', 'yhgl_editPwdPage');
INSERT INTO `trole_tresource` VALUES ('46', 'yhgl_editPwdPage');
INSERT INTO `trole_tresource` VALUES ('31', 'yhgl_edit_page');
INSERT INTO `trole_tresource` VALUES ('46', 'yhgl_edit_page');
INSERT INTO `trole_tresource` VALUES ('31', 'yhgl_query');
INSERT INTO `trole_tresource` VALUES ('46', 'yhgl_query');
INSERT INTO `trole_tresource` VALUES ('31', 'yhjztz_lb');
INSERT INTO `trole_tresource` VALUES ('42', 'yhjztz_lb');
INSERT INTO `trole_tresource` VALUES ('31', 'yhlkygl');
INSERT INTO `trole_tresource` VALUES ('38', 'yhlkygl');
INSERT INTO `trole_tresource` VALUES ('40', 'yhlkygl');
INSERT INTO `trole_tresource` VALUES ('44', 'yhlkygl');
INSERT INTO `trole_tresource` VALUES ('52', 'yhlkygl');
INSERT INTO `trole_tresource` VALUES ('31', 'yhlygl_cl');
INSERT INTO `trole_tresource` VALUES ('40', 'yhlygl_cl');
INSERT INTO `trole_tresource` VALUES ('31', 'yhlygl_dc');
INSERT INTO `trole_tresource` VALUES ('40', 'yhlygl_dc');
INSERT INTO `trole_tresource` VALUES ('31', 'yhlygl_lb');
INSERT INTO `trole_tresource` VALUES ('38', 'yhlygl_lb');
INSERT INTO `trole_tresource` VALUES ('40', 'yhlygl_lb');
INSERT INTO `trole_tresource` VALUES ('44', 'yhlygl_lb');
INSERT INTO `trole_tresource` VALUES ('52', 'yhlygl_lb');
INSERT INTO `trole_tresource` VALUES ('31', 'yhqbjym');
INSERT INTO `trole_tresource` VALUES ('44', 'yhqbjym');
INSERT INTO `trole_tresource` VALUES ('31', 'yhqscyhq');
INSERT INTO `trole_tresource` VALUES ('38', 'yhqscyhq');
INSERT INTO `trole_tresource` VALUES ('44', 'yhqscyhq');
INSERT INTO `trole_tresource` VALUES ('31', 'yhqshym');
INSERT INTO `trole_tresource` VALUES ('38', 'yhqshym');
INSERT INTO `trole_tresource` VALUES ('31', 'yhqsqd');
INSERT INTO `trole_tresource` VALUES ('38', 'yhqsqd');
INSERT INTO `trole_tresource` VALUES ('44', 'yhqsqd');
INSERT INTO `trole_tresource` VALUES ('31', 'yhqsqdbj');
INSERT INTO `trole_tresource` VALUES ('44', 'yhqsqdbj');
INSERT INTO `trole_tresource` VALUES ('31', 'yhqsqdsh');
INSERT INTO `trole_tresource` VALUES ('38', 'yhqsqdsh');
INSERT INTO `trole_tresource` VALUES ('31', 'yhqsqdtj');
INSERT INTO `trole_tresource` VALUES ('44', 'yhqsqdtj');
INSERT INTO `trole_tresource` VALUES ('31', 'yhqtjym');
INSERT INTO `trole_tresource` VALUES ('44', 'yhqtjym');
INSERT INTO `trole_tresource` VALUES ('31', 'yhqxq');
INSERT INTO `trole_tresource` VALUES ('38', 'yhqxq');
INSERT INTO `trole_tresource` VALUES ('44', 'yhqxq');
INSERT INTO `trole_tresource` VALUES ('31', 'yhzjtz_sh');
INSERT INTO `trole_tresource` VALUES ('42', 'yhzjtz_sh');
INSERT INTO `trole_tresource` VALUES ('31', 'ywgl');
INSERT INTO `trole_tresource` VALUES ('38', 'ywgl');
INSERT INTO `trole_tresource` VALUES ('39', 'ywgl');
INSERT INTO `trole_tresource` VALUES ('41', 'ywgl');
INSERT INTO `trole_tresource` VALUES ('42', 'ywgl');
INSERT INTO `trole_tresource` VALUES ('44', 'ywgl');
INSERT INTO `trole_tresource` VALUES ('47', 'ywgl');
INSERT INTO `trole_tresource` VALUES ('50', 'ywgl');
INSERT INTO `trole_tresource` VALUES ('51', 'ywgl');
INSERT INTO `trole_tresource` VALUES ('52', 'ywgl');
INSERT INTO `trole_tresource` VALUES ('31', 'zfgl_bjyh');
INSERT INTO `trole_tresource` VALUES ('38', 'zfgl_bjyh');
INSERT INTO `trole_tresource` VALUES ('44', 'zfgl_bjyh');
INSERT INTO `trole_tresource` VALUES ('31', 'zfgl_sctd');
INSERT INTO `trole_tresource` VALUES ('38', 'zfgl_sctd');
INSERT INTO `trole_tresource` VALUES ('44', 'zfgl_sctd');
INSERT INTO `trole_tresource` VALUES ('31', 'zfgl_scyh');
INSERT INTO `trole_tresource` VALUES ('38', 'zfgl_scyh');
INSERT INTO `trole_tresource` VALUES ('44', 'zfgl_scyh');
INSERT INTO `trole_tresource` VALUES ('31', 'zfgl_tjyh');
INSERT INTO `trole_tresource` VALUES ('38', 'zfgl_tjyh');
INSERT INTO `trole_tresource` VALUES ('44', 'zfgl_tjyh');
INSERT INTO `trole_tresource` VALUES ('31', 'zfgl_tjz');
INSERT INTO `trole_tresource` VALUES ('38', 'zfgl_tjz');
INSERT INTO `trole_tresource` VALUES ('44', 'zfgl_tjz');
INSERT INTO `trole_tresource` VALUES ('31', 'zftd');
INSERT INTO `trole_tresource` VALUES ('38', 'zftd');
INSERT INTO `trole_tresource` VALUES ('40', 'zftd');
INSERT INTO `trole_tresource` VALUES ('44', 'zftd');
INSERT INTO `trole_tresource` VALUES ('51', 'zftd');
INSERT INTO `trole_tresource` VALUES ('31', 'zftdxx_jz');
INSERT INTO `trole_tresource` VALUES ('44', 'zftdxx_jz');
INSERT INTO `trole_tresource` VALUES ('51', 'zftdxx_jz');
INSERT INTO `trole_tresource` VALUES ('31', 'zftd_lb');
INSERT INTO `trole_tresource` VALUES ('38', 'zftd_lb');
INSERT INTO `trole_tresource` VALUES ('40', 'zftd_lb');
INSERT INTO `trole_tresource` VALUES ('44', 'zftd_lb');
INSERT INTO `trole_tresource` VALUES ('51', 'zftd_lb');
INSERT INTO `trole_tresource` VALUES ('31', 'zftd_xgxe');
INSERT INTO `trole_tresource` VALUES ('38', 'zftd_xgxe');
INSERT INTO `trole_tresource` VALUES ('44', 'zftd_xgxe');
INSERT INTO `trole_tresource` VALUES ('31', 'zftd_yhlb');
INSERT INTO `trole_tresource` VALUES ('38', 'zftd_yhlb');
INSERT INTO `trole_tresource` VALUES ('40', 'zftd_yhlb');
INSERT INTO `trole_tresource` VALUES ('44', 'zftd_yhlb');
INSERT INTO `trole_tresource` VALUES ('51', 'zftd_yhlb');
INSERT INTO `trole_tresource` VALUES ('31', 'zjbzj');
INSERT INTO `trole_tresource` VALUES ('38', 'zjbzj');
INSERT INTO `trole_tresource` VALUES ('39', 'zjbzj');
INSERT INTO `trole_tresource` VALUES ('40', 'zjbzj');
INSERT INTO `trole_tresource` VALUES ('41', 'zjbzj');
INSERT INTO `trole_tresource` VALUES ('42', 'zjbzj');
INSERT INTO `trole_tresource` VALUES ('44', 'zjbzj');
INSERT INTO `trole_tresource` VALUES ('47', 'zjbzj');
INSERT INTO `trole_tresource` VALUES ('48', 'zjbzj');
INSERT INTO `trole_tresource` VALUES ('50', 'zjbzj');
INSERT INTO `trole_tresource` VALUES ('51', 'zjbzj');
INSERT INTO `trole_tresource` VALUES ('52', 'zjbzj');
INSERT INTO `trole_tresource` VALUES ('31', 'zjbzjcx');
INSERT INTO `trole_tresource` VALUES ('38', 'zjbzjcx');
INSERT INTO `trole_tresource` VALUES ('39', 'zjbzjcx');
INSERT INTO `trole_tresource` VALUES ('40', 'zjbzjcx');
INSERT INTO `trole_tresource` VALUES ('41', 'zjbzjcx');
INSERT INTO `trole_tresource` VALUES ('42', 'zjbzjcx');
INSERT INTO `trole_tresource` VALUES ('44', 'zjbzjcx');
INSERT INTO `trole_tresource` VALUES ('47', 'zjbzjcx');
INSERT INTO `trole_tresource` VALUES ('48', 'zjbzjcx');
INSERT INTO `trole_tresource` VALUES ('50', 'zjbzjcx');
INSERT INTO `trole_tresource` VALUES ('51', 'zjbzjcx');
INSERT INTO `trole_tresource` VALUES ('52', 'zjbzjcx');
INSERT INTO `trole_tresource` VALUES ('31', 'zjbzj_dc');
INSERT INTO `trole_tresource` VALUES ('38', 'zjbzj_dc');
INSERT INTO `trole_tresource` VALUES ('42', 'zjbzj_dc');
INSERT INTO `trole_tresource` VALUES ('44', 'zjbzj_dc');
INSERT INTO `trole_tresource` VALUES ('31', 'zjbzj_qr');
INSERT INTO `trole_tresource` VALUES ('42', 'zjbzj_qr');
INSERT INTO `trole_tresource` VALUES ('31', 'zjcclcx');
INSERT INTO `trole_tresource` VALUES ('38', 'zjcclcx');
INSERT INTO `trole_tresource` VALUES ('41', 'zjcclcx');
INSERT INTO `trole_tresource` VALUES ('42', 'zjcclcx');
INSERT INTO `trole_tresource` VALUES ('48', 'zjcclcx');
INSERT INTO `trole_tresource` VALUES ('51', 'zjcclcx');
INSERT INTO `trole_tresource` VALUES ('52', 'zjcclcx');
INSERT INTO `trole_tresource` VALUES ('31', 'zjcclgl');
INSERT INTO `trole_tresource` VALUES ('38', 'zjcclgl');
INSERT INTO `trole_tresource` VALUES ('42', 'zjcclgl');
INSERT INTO `trole_tresource` VALUES ('48', 'zjcclgl');
INSERT INTO `trole_tresource` VALUES ('51', 'zjcclgl');
INSERT INTO `trole_tresource` VALUES ('52', 'zjcclgl');
INSERT INTO `trole_tresource` VALUES ('31', 'zjcclgl_bj');
INSERT INTO `trole_tresource` VALUES ('42', 'zjcclgl_bj');
INSERT INTO `trole_tresource` VALUES ('31', 'zjcclgl_lb');
INSERT INTO `trole_tresource` VALUES ('41', 'zjcclgl_lb');
INSERT INTO `trole_tresource` VALUES ('42', 'zjcclgl_lb');
INSERT INTO `trole_tresource` VALUES ('51', 'zjcclgl_lb');
INSERT INTO `trole_tresource` VALUES ('52', 'zjcclgl_lb');
INSERT INTO `trole_tresource` VALUES ('31', 'zjcclgl_sh');
INSERT INTO `trole_tresource` VALUES ('42', 'zjcclgl_sh');
INSERT INTO `trole_tresource` VALUES ('31', 'zjcclgl_tj');
INSERT INTO `trole_tresource` VALUES ('42', 'zjcclgl_tj');
INSERT INTO `trole_tresource` VALUES ('31', 'zjcclgl_tjlb');
INSERT INTO `trole_tresource` VALUES ('42', 'zjcclgl_tjlb');
INSERT INTO `trole_tresource` VALUES ('31', 'zjccltj');
INSERT INTO `trole_tresource` VALUES ('42', 'zjccltj');
INSERT INTO `trole_tresource` VALUES ('31', 'zjccz');
INSERT INTO `trole_tresource` VALUES ('31', 'zjcdc');
INSERT INTO `trole_tresource` VALUES ('31', 'zjcgl');
INSERT INTO `trole_tresource` VALUES ('42', 'zjcgl');
INSERT INTO `trole_tresource` VALUES ('47', 'zjcgl');
INSERT INTO `trole_tresource` VALUES ('48', 'zjcgl');
INSERT INTO `trole_tresource` VALUES ('51', 'zjcgl');
INSERT INTO `trole_tresource` VALUES ('52', 'zjcgl');
INSERT INTO `trole_tresource` VALUES ('31', 'zjcgl_add');
INSERT INTO `trole_tresource` VALUES ('42', 'zjcgl_add');
INSERT INTO `trole_tresource` VALUES ('31', 'zjcgl_edit');
INSERT INTO `trole_tresource` VALUES ('42', 'zjcgl_edit');
INSERT INTO `trole_tresource` VALUES ('31', 'zjcgl_list');
INSERT INTO `trole_tresource` VALUES ('42', 'zjcgl_list');
INSERT INTO `trole_tresource` VALUES ('47', 'zjcgl_list');
INSERT INTO `trole_tresource` VALUES ('48', 'zjcgl_list');
INSERT INTO `trole_tresource` VALUES ('51', 'zjcgl_list');
INSERT INTO `trole_tresource` VALUES ('52', 'zjcgl_list');
INSERT INTO `trole_tresource` VALUES ('31', 'zjcgl_tzkpzj');
INSERT INTO `trole_tresource` VALUES ('42', 'zjcgl_tzkpzj');
INSERT INTO `trole_tresource` VALUES ('31', 'zjchz');
INSERT INTO `trole_tresource` VALUES ('31', 'zjlscx');
INSERT INTO `trole_tresource` VALUES ('38', 'zjlscx');
INSERT INTO `trole_tresource` VALUES ('39', 'zjlscx');
INSERT INTO `trole_tresource` VALUES ('41', 'zjlscx');
INSERT INTO `trole_tresource` VALUES ('42', 'zjlscx');
INSERT INTO `trole_tresource` VALUES ('43', 'zjlscx');
INSERT INTO `trole_tresource` VALUES ('44', 'zjlscx');
INSERT INTO `trole_tresource` VALUES ('47', 'zjlscx');
INSERT INTO `trole_tresource` VALUES ('48', 'zjlscx');
INSERT INTO `trole_tresource` VALUES ('49', 'zjlscx');
INSERT INTO `trole_tresource` VALUES ('50', 'zjlscx');
INSERT INTO `trole_tresource` VALUES ('51', 'zjlscx');
INSERT INTO `trole_tresource` VALUES ('52', 'zjlscx');
INSERT INTO `trole_tresource` VALUES ('31', 'zjlscx_hzje');
INSERT INTO `trole_tresource` VALUES ('42', 'zjlscx_hzje');
INSERT INTO `trole_tresource` VALUES ('47', 'zjlscx_hzje');
INSERT INTO `trole_tresource` VALUES ('31', 'zjlscx_hzmx');
INSERT INTO `trole_tresource` VALUES ('42', 'zjlscx_hzmx');
INSERT INTO `trole_tresource` VALUES ('47', 'zjlscx_hzmx');
INSERT INTO `trole_tresource` VALUES ('31', 'zjlsdc');
INSERT INTO `trole_tresource` VALUES ('38', 'zjlsdc');
INSERT INTO `trole_tresource` VALUES ('42', 'zjlsdc');
INSERT INTO `trole_tresource` VALUES ('44', 'zjlsdc');
INSERT INTO `trole_tresource` VALUES ('47', 'zjlsdc');
INSERT INTO `trole_tresource` VALUES ('48', 'zjlsdc');
INSERT INTO `trole_tresource` VALUES ('52', 'zjlsdc');
INSERT INTO `trole_tresource` VALUES ('31', 'zjlslbcx');
INSERT INTO `trole_tresource` VALUES ('38', 'zjlslbcx');
INSERT INTO `trole_tresource` VALUES ('39', 'zjlslbcx');
INSERT INTO `trole_tresource` VALUES ('41', 'zjlslbcx');
INSERT INTO `trole_tresource` VALUES ('42', 'zjlslbcx');
INSERT INTO `trole_tresource` VALUES ('43', 'zjlslbcx');
INSERT INTO `trole_tresource` VALUES ('44', 'zjlslbcx');
INSERT INTO `trole_tresource` VALUES ('47', 'zjlslbcx');
INSERT INTO `trole_tresource` VALUES ('48', 'zjlslbcx');
INSERT INTO `trole_tresource` VALUES ('49', 'zjlslbcx');
INSERT INTO `trole_tresource` VALUES ('50', 'zjlslbcx');
INSERT INTO `trole_tresource` VALUES ('51', 'zjlslbcx');
INSERT INTO `trole_tresource` VALUES ('52', 'zjlslbcx');
INSERT INTO `trole_tresource` VALUES ('31', 'zjls_hzmx');
INSERT INTO `trole_tresource` VALUES ('31', 'zngl');
INSERT INTO `trole_tresource` VALUES ('38', 'zngl');
INSERT INTO `trole_tresource` VALUES ('40', 'zngl');
INSERT INTO `trole_tresource` VALUES ('44', 'zngl');
INSERT INTO `trole_tresource` VALUES ('51', 'zngl');
INSERT INTO `trole_tresource` VALUES ('52', 'zngl');
INSERT INTO `trole_tresource` VALUES ('31', 'znxx_msgDatagrid');
INSERT INTO `trole_tresource` VALUES ('38', 'znxx_msgDatagrid');
INSERT INTO `trole_tresource` VALUES ('40', 'znxx_msgDatagrid');
INSERT INTO `trole_tresource` VALUES ('44', 'znxx_msgDatagrid');
INSERT INTO `trole_tresource` VALUES ('51', 'znxx_msgDatagrid');
INSERT INTO `trole_tresource` VALUES ('11', 'zygl');
INSERT INTO `trole_tresource` VALUES ('31', 'zygl');
INSERT INTO `trole_tresource` VALUES ('31', 'zygl_addPage');
INSERT INTO `trole_tresource` VALUES ('31', 'zygl_addPage_add');
INSERT INTO `trole_tresource` VALUES ('31', 'zygl_delete');
INSERT INTO `trole_tresource` VALUES ('31', 'zygl_edit');
INSERT INTO `trole_tresource` VALUES ('31', 'zygl_editPage');
INSERT INTO `trole_tresource` VALUES ('31', 'zygl_query');
COMMIT;

-- ----------------------------
-- Table structure for tuser
-- ----------------------------
DROP TABLE IF EXISTS `tuser`;
CREATE TABLE `tuser` (
  `id` int(11) unsigned NOT NULL AUTO_INCREMENT,
  `createdate_time` datetime DEFAULT NULL,
  `modifydate_time` datetime DEFAULT NULL,
  `name` varchar(100) NOT NULL COMMENT '用户名',
  `pwd` varchar(100) NOT NULL COMMENT '密码',
  `status` int(1) DEFAULT '1' COMMENT '用户状态（1，正常，2，禁用）',
  `isnew` int(1) DEFAULT '0' COMMENT '是否新创建的用户(0,是.1否)',
  `real_name` varchar(50) DEFAULT NULL COMMENT '真实名',
  `job_num` varchar(50) DEFAULT NULL COMMENT '工号',
  `telphone` varchar(20) DEFAULT NULL COMMENT '手机号码',
  PRIMARY KEY (`id`),
  UNIQUE KEY `UK_doflky41g81kf7ydx6y0a99nm` (`name`)
) ENGINE=InnoDB AUTO_INCREMENT=64 DEFAULT CHARSET=utf8;

-- ----------------------------
-- Records of tuser
-- ----------------------------
BEGIN;
INSERT INTO `tuser` VALUES (1, '2015-12-22 17:03:16', '2019-03-22 11:14:45', '!QAZ@WSX', '6afb68db0eab9fc487207ad89fd2e8f5', 1, 0, NULL, NULL, NULL);
INSERT INTO `tuser` VALUES (2, '2017-08-29 16:50:10', '2019-02-25 09:42:42', 'lu', 'e10adc3949ba59abbe56e057f20f883e', 1, 0, NULL, NULL, NULL);
INSERT INTO `tuser` VALUES (3, '2015-12-30 10:25:46', '2016-08-02 14:56:15', 'lulu3', 'c4ca4238a0b923820dcc509a6f75849b', 2, 0, NULL, NULL, NULL);
INSERT INTO `tuser` VALUES (4, '2016-03-08 11:30:27', '2016-08-02 14:56:05', 'fan', 'c4ca4238a0b923820dcc509a6f75849b', 2, 0, NULL, NULL, NULL);
INSERT INTO `tuser` VALUES (11, '2016-04-01 11:15:54', '2016-10-28 14:28:39', 'test', 'c4ca4238a0b923820dcc509a6f75849b', 2, 0, NULL, NULL, NULL);
INSERT INTO `tuser` VALUES (12, '2016-05-16 09:48:42', '2016-10-21 17:56:10', 'gxl', 'e10adc3949ba59abbe56e057f20f883e', 2, 0, NULL, NULL, NULL);
INSERT INTO `tuser` VALUES (13, '2016-06-27 15:26:45', '2018-09-11 09:56:24', 'zhangsan', 'e10adc3949ba59abbe56e057f20f883e', 1, 0, NULL, '', NULL);
INSERT INTO `tuser` VALUES (14, '2016-10-28 14:30:09', '2019-02-25 09:29:29', 'chenxf', 'e10adc3949ba59abbe56e057f20f883e', 1, 0, NULL, NULL, NULL);
INSERT INTO `tuser` VALUES (15, '2016-10-28 14:33:28', '2019-03-04 09:08:18', 'ada', '6879c0ae9117b50074ce0a0d4c843060', 1, 0, NULL, NULL, NULL);
INSERT INTO `tuser` VALUES (16, '2016-10-28 14:34:57', '2017-11-18 22:34:00', 'zonwer', 'e10adc3949ba59abbe56e057f20f883e', 2, 0, NULL, '', NULL);
INSERT INTO `tuser` VALUES (17, '2016-10-28 14:35:46', '2019-04-15 09:11:28', 'geling', 'c9be95618207dbdab5855cc0cf141728', 1, 0, NULL, NULL, NULL);
INSERT INTO `tuser` VALUES (18, '2016-10-28 14:36:26', '2019-03-01 13:41:20', 'zhouwei', 'e10adc3949ba59abbe56e057f20f883e', 2, 0, NULL, '', NULL);
INSERT INTO `tuser` VALUES (19, '2016-10-28 14:37:17', '2017-03-29 11:06:51', 'chenxj', '', 2, 0, NULL, NULL, NULL);
INSERT INTO `tuser` VALUES (20, '2016-10-28 14:38:06', '2017-01-03 17:45:44', 'huangjian', 'e10adc3949ba59abbe56e057f20f883e', 2, 0, NULL, NULL, NULL);
INSERT INTO `tuser` VALUES (21, '2016-10-28 14:38:48', '2019-03-28 17:48:50', 'xudan', '3c676443fde9bb9f674828613dd98eca', 1, 0, NULL, NULL, NULL);
INSERT INTO `tuser` VALUES (22, '2016-10-28 14:39:20', '2016-10-28 18:04:00', 'xiangzq', 'e10adc3949ba59abbe56e057f20f883e', 2, 0, NULL, NULL, NULL);
INSERT INTO `tuser` VALUES (23, '2016-10-28 18:06:05', '2016-12-09 18:41:23', 'xzq', 'e10adc3949ba59abbe56e057f20f883e', 2, 0, NULL, NULL, NULL);
INSERT INTO `tuser` VALUES (24, '2016-10-31 10:58:02', '2019-02-18 09:22:04', 'tengjing', '7ca56788ee8c57c36afd5bfa3a83fd8b', 1, 0, NULL, NULL, NULL);
INSERT INTO `tuser` VALUES (25, '2016-10-31 11:00:14', '2019-03-27 17:36:03', 'liupeng', 'd0970714757783e6cf17b26fb8e2298f', 1, 0, NULL, NULL, NULL);
INSERT INTO `tuser` VALUES (26, '2016-11-01 15:37:47', '2019-03-01 13:40:19', 'xurong', 'c4ca4238a0b923820dcc509a6f75849b', 1, 0, NULL, NULL, NULL);
INSERT INTO `tuser` VALUES (28, '2016-11-07 13:34:54', '2019-03-04 16:08:05', 'houyunjia', '71f55003c9a36b40c4a094908f11fb77', 1, 0, NULL, NULL, NULL);
INSERT INTO `tuser` VALUES (29, '2016-11-07 13:35:12', '2019-01-21 09:51:33', 'yangten', 'ea8bf85adcd9dd987e35c10aacafcba9', 1, 0, NULL, NULL, NULL);
INSERT INTO `tuser` VALUES (30, '2016-11-07 13:36:26', '2017-12-21 15:42:11', 'zhuxinliang', 'e10adc3949ba59abbe56e057f20f883e', 2, 0, NULL, '', NULL);
INSERT INTO `tuser` VALUES (31, '2016-11-07 13:36:38', '2018-08-27 09:16:50', 'xuhao', '95ac390dcb2f090267f8e635440917e7', 1, 0, NULL, NULL, NULL);
INSERT INTO `tuser` VALUES (33, '2016-12-07 10:59:07', '2019-02-28 09:12:00', 'can', 'd61f7d57c31242e28a641e312286e506', 1, 0, NULL, NULL, NULL);
INSERT INTO `tuser` VALUES (34, '2016-12-07 11:00:18', '2019-05-15 17:35:12', 'arielgu', 'e10adc3949ba59abbe56e057f20f883e', 1, 0, NULL, '', NULL);
INSERT INTO `tuser` VALUES (35, '2016-12-07 16:18:45', '2017-03-10 14:21:38', 'lihailang', '', 2, 0, NULL, NULL, NULL);
INSERT INTO `tuser` VALUES (36, '2016-12-08 10:51:33', '2019-01-09 16:31:43', 'songboyang', '02a825de2e32c6a558bb2792a33a463c', 1, 0, NULL, '', NULL);
INSERT INTO `tuser` VALUES (37, '2016-12-08 11:00:42', '2019-04-11 09:43:55', 'scalatte', 'df6d2338b2b8fce1ec2f6dda0a630eb0', 1, 0, NULL, NULL, NULL);
INSERT INTO `tuser` VALUES (38, '2016-12-08 11:02:25', '2016-12-08 11:02:53', 'zhangxingchen', 'e10adc3949ba59abbe56e057f20f883e', 1, 0, NULL, NULL, NULL);
INSERT INTO `tuser` VALUES (39, '2016-12-08 11:03:25', '2019-02-25 14:25:30', 'douhaitao', '21218cca77804d2ba1922c33e0151105', 1, 0, NULL, NULL, NULL);
INSERT INTO `tuser` VALUES (40, '2016-12-08 11:04:04', '2019-02-21 09:46:23', 'hezhuqing', 'e2a9073d0ead6a4bd2271fde85031190', 1, 0, NULL, '', NULL);
INSERT INTO `tuser` VALUES (41, '2016-12-08 11:04:48', '2016-12-08 11:05:24', 'zhangqingqing', 'e10adc3949ba59abbe56e057f20f883e', 1, 0, NULL, NULL, NULL);
INSERT INTO `tuser` VALUES (42, '2016-12-08 11:05:55', '2017-03-03 17:28:00', 'lilu', '', 2, 0, NULL, NULL, NULL);
INSERT INTO `tuser` VALUES (43, '2017-01-06 15:21:49', '2018-12-24 11:42:53', 'zhaoyinglin', '14fb99a379bf0c386386ec75f460b31d', 1, 0, NULL, NULL, NULL);
INSERT INTO `tuser` VALUES (44, '2017-02-09 10:31:33', '2019-03-25 09:16:07', 'wangwei', '381987d375be5b533fc11198005ab02d', 1, 0, NULL, NULL, NULL);
INSERT INTO `tuser` VALUES (45, '2017-02-23 15:23:57', '2019-02-25 12:59:43', 'renzhongliang', '2cef43aada96411604567dc1f283f515', 1, 0, NULL, NULL, NULL);
INSERT INTO `tuser` VALUES (46, '2017-03-30 14:24:07', '2017-07-07 11:07:55', 'zhuqiming', '', 2, 0, NULL, NULL, NULL);
INSERT INTO `tuser` VALUES (47, '2017-04-13 11:22:39', '2019-03-04 14:04:34', 'xujiao', 'c4ca4238a0b923820dcc509a6f75849b', 1, 0, NULL, '8010', NULL);
INSERT INTO `tuser` VALUES (48, '2017-05-18 09:54:19', '2017-11-18 22:39:44', 'xuwenfeng', 'e10adc3949ba59abbe56e057f20f883e', 2, 0, NULL, '', NULL);
INSERT INTO `tuser` VALUES (49, '2017-05-18 09:55:03', '2018-02-26 10:25:45', 'zhuminjie', '048afe77ab716de405d4ecbd4addcde1', 1, 0, NULL, NULL, NULL);
INSERT INTO `tuser` VALUES (50, '2017-06-13 14:53:55', '2019-02-25 15:57:15', 'yujingui', '508df4cb2f4d8f80519256258cfb975f', 1, 0, NULL, NULL, NULL);
INSERT INTO `tuser` VALUES (51, '2017-06-29 15:58:42', '2019-03-05 10:09:08', 'shaofei', '52c69e3a57331081823331c4e69d3f2e', 1, 0, NULL, '', NULL);
INSERT INTO `tuser` VALUES (52, '2017-10-11 12:42:37', '2017-10-11 12:43:29', 'lsjs1', 'e10adc3949ba59abbe56e057f20f883e', 1, 0, NULL, '', NULL);
INSERT INTO `tuser` VALUES (53, '2017-10-11 12:48:39', '2017-10-11 12:52:29', 'lsjs2', 'e10adc3949ba59abbe56e057f20f883e', 1, 0, NULL, NULL, NULL);
INSERT INTO `tuser` VALUES (54, '2017-11-10 16:23:00', '2019-04-15 16:41:34', 'zhanghairong', 'c4ca4238a0b923820dcc509a6f75849b', 1, 0, NULL, '8006', NULL);
INSERT INTO `tuser` VALUES (55, '2017-11-29 14:27:56', '2018-11-05 13:10:24', 'vwang89', '9aad1f913c3f367def7a796a99e09f29', 1, 0, NULL, NULL, NULL);
INSERT INTO `tuser` VALUES (56, '2017-12-19 16:05:46', '2019-05-09 16:27:32', 'angela', '698d51a19d8a121ce581499d7b701668', 1, 0, NULL, NULL, NULL);
INSERT INTO `tuser` VALUES (57, '2017-12-19 16:06:52', '2019-01-25 09:17:53', 'linyong', '2ed5007ad544f7e7489e27839918595d', 1, 0, NULL, NULL, NULL);
INSERT INTO `tuser` VALUES (58, '2018-01-05 14:20:57', '2018-01-05 14:21:25', 'yaoye', 'e10adc3949ba59abbe56e057f20f883e', 1, 0, NULL, NULL, NULL);
INSERT INTO `tuser` VALUES (59, '2018-09-11 09:55:38', '2019-03-11 09:36:52', 'gusiyu', 'c532c4a36c5d43d13df52902e364a468', 1, 0, NULL, NULL, NULL);
INSERT INTO `tuser` VALUES (60, '2018-10-22 13:39:20', '2018-12-03 16:21:14', 'mengweili', '8f14e45fceea167a5a36dedd4bea2543', 2, 0, NULL, '', NULL);
INSERT INTO `tuser` VALUES (61, '2018-12-03 16:21:41', '2019-03-12 12:57:19', 'luhuiwei', 'c4ca4238a0b923820dcc509a6f75849b', 1, 0, NULL, '8005', NULL);
INSERT INTO `tuser` VALUES (63, '2019-03-01 13:41:36', '2019-03-01 13:42:15', 'davy', 'e10adc3949ba59abbe56e057f20f883e', 1, 0, NULL, NULL, NULL);
COMMIT;

-- ----------------------------
-- Table structure for tuser_trole
-- ----------------------------
DROP TABLE IF EXISTS `tuser_trole`;
CREATE TABLE `tuser_trole` (
  `TUSER_ID` varchar(36) NOT NULL,
  `TROLE_ID` varchar(36) NOT NULL,
  PRIMARY KEY (`TROLE_ID`,`TUSER_ID`)
) ENGINE=InnoDB DEFAULT CHARSET=utf8;

-- ----------------------------
-- Records of tuser_trole
-- ----------------------------
BEGIN;
INSERT INTO `tuser_trole` VALUES ('1', '31');
INSERT INTO `tuser_trole` VALUES ('25', '31');
INSERT INTO `tuser_trole` VALUES ('12', '36');
INSERT INTO `tuser_trole` VALUES ('11', '37');
INSERT INTO `tuser_trole` VALUES ('4', '37');
INSERT INTO `tuser_trole` VALUES ('21', '38');
INSERT INTO `tuser_trole` VALUES ('22', '38');
INSERT INTO `tuser_trole` VALUES ('16', '39');
INSERT INTO `tuser_trole` VALUES ('20', '39');
INSERT INTO `tuser_trole` VALUES ('37', '39');
INSERT INTO `tuser_trole` VALUES ('50', '39');
INSERT INTO `tuser_trole` VALUES ('19', '40');
INSERT INTO `tuser_trole` VALUES ('38', '40');
INSERT INTO `tuser_trole` VALUES ('46', '40');
INSERT INTO `tuser_trole` VALUES ('47', '40');
INSERT INTO `tuser_trole` VALUES ('54', '40');
INSERT INTO `tuser_trole` VALUES ('60', '40');
INSERT INTO `tuser_trole` VALUES ('61', '40');
INSERT INTO `tuser_trole` VALUES ('17', '41');
INSERT INTO `tuser_trole` VALUES ('18', '41');
INSERT INTO `tuser_trole` VALUES ('45', '41');
INSERT INTO `tuser_trole` VALUES ('63', '41');
INSERT INTO `tuser_trole` VALUES ('15', '42');
INSERT INTO `tuser_trole` VALUES ('28', '42');
INSERT INTO `tuser_trole` VALUES ('29', '42');
INSERT INTO `tuser_trole` VALUES ('14', '43');
INSERT INTO `tuser_trole` VALUES ('39', '43');
INSERT INTO `tuser_trole` VALUES ('40', '43');
INSERT INTO `tuser_trole` VALUES ('23', '44');
INSERT INTO `tuser_trole` VALUES ('33', '44');
INSERT INTO `tuser_trole` VALUES ('34', '44');
INSERT INTO `tuser_trole` VALUES ('49', '45');
INSERT INTO `tuser_trole` VALUES ('57', '45');
INSERT INTO `tuser_trole` VALUES ('26', '46');
INSERT INTO `tuser_trole` VALUES ('30', '47');
INSERT INTO `tuser_trole` VALUES ('31', '47');
INSERT INTO `tuser_trole` VALUES ('43', '47');
INSERT INTO `tuser_trole` VALUES ('51', '47');
INSERT INTO `tuser_trole` VALUES ('55', '47');
INSERT INTO `tuser_trole` VALUES ('58', '47');
INSERT INTO `tuser_trole` VALUES ('59', '47');
INSERT INTO `tuser_trole` VALUES ('36', '48');
INSERT INTO `tuser_trole` VALUES ('41', '49');
INSERT INTO `tuser_trole` VALUES ('42', '49');
INSERT INTO `tuser_trole` VALUES ('35', '50');
INSERT INTO `tuser_trole` VALUES ('2', '51');
INSERT INTO `tuser_trole` VALUES ('24', '52');
INSERT INTO `tuser_trole` VALUES ('44', '52');
INSERT INTO `tuser_trole` VALUES ('56', '52');
INSERT INTO `tuser_trole` VALUES ('48', '53');
INSERT INTO `tuser_trole` VALUES ('52', '54');
INSERT INTO `tuser_trole` VALUES ('53', '54');
COMMIT;

-- ----------------------------
-- Table structure for u_user_account
-- ----------------------------
DROP TABLE IF EXISTS `u_user_account`;
CREATE TABLE `u_user_account` (
  `id` bigint(11) NOT NULL COMMENT '主键',
  `total_assets` decimal(18,2) DEFAULT '0.00' COMMENT '总资产',
  `dj_amount` decimal(18,2) DEFAULT '0.00' COMMENT '冻结资金',
  `balance` decimal(18,2) DEFAULT '0.00' COMMENT '剩余资产',
  PRIMARY KEY (`id`)
) ENGINE=InnoDB DEFAULT CHARSET=utf8 COMMENT='用户帐户信息表';

-- ----------------------------
-- Records of u_user_account
-- ----------------------------
BEGIN;
INSERT INTO `u_user_account` VALUES (1, 8503.10, 2445.53, 6057.57);
INSERT INTO `u_user_account` VALUES (10, 0.00, 0.00, 0.00);
INSERT INTO `u_user_account` VALUES (11, 9889.00, 945.35, 8943.65);
INSERT INTO `u_user_account` VALUES (12, 774.80, 312.00, 461.80);
INSERT INTO `u_user_account` VALUES (233, 7669.94, 600.15, 7069.79);
INSERT INTO `u_user_account` VALUES (50606726321422, 0.00, 0.00, 0.00);
INSERT INTO `u_user_account` VALUES (50632074355125, 999909.00, 455.00, 999454.00);
INSERT INTO `u_user_account` VALUES (50632086436425, 0.00, 0.00, 0.00);
INSERT INTO `u_user_account` VALUES (50632088336625, 0.00, 0.00, 0.00);
INSERT INTO `u_user_account` VALUES (50632104446325, 0.00, 0.00, 0.00);
INSERT INTO `u_user_account` VALUES (50665402068025, 0.00, 0.00, 0.00);
INSERT INTO `u_user_account` VALUES (50665405586225, 0.00, 0.00, 0.00);
INSERT INTO `u_user_account` VALUES (50665409122225, 0.00, 0.00, 0.00);
INSERT INTO `u_user_account` VALUES (50667964431825, 0.00, 0.00, 0.00);
INSERT INTO `u_user_account` VALUES (50668175883825, 0.00, 0.00, 0.00);
INSERT INTO `u_user_account` VALUES (50751410393725, 820.12, 0.00, 820.12);
INSERT INTO `u_user_account` VALUES (50751530659325, 59970.00, 30600.00, 29370.00);
INSERT INTO `u_user_account` VALUES (50751725118825, 0.00, 0.00, 0.00);
INSERT INTO `u_user_account` VALUES (50751879022925, 0.00, 0.00, 0.00);
INSERT INTO `u_user_account` VALUES (50751893047625, 0.00, 0.00, 0.00);
INSERT INTO `u_user_account` VALUES (50751903485325, 0.00, 0.00, 0.00);
INSERT INTO `u_user_account` VALUES (50752732080925, 0.00, 0.00, 0.00);
INSERT INTO `u_user_account` VALUES (50752863517925, 0.00, 0.00, 0.00);
INSERT INTO `u_user_account` VALUES (50752897071625, 0.00, 0.00, 0.00);
INSERT INTO `u_user_account` VALUES (50753628466025, 50970.00, 50200.00, 770.00);
INSERT INTO `u_user_account` VALUES (50754149255125, 0.00, 0.00, 0.00);
INSERT INTO `u_user_account` VALUES (50768995012625, 1800.00, 0.00, 1800.00);
INSERT INTO `u_user_account` VALUES (50777619970725, 890.00, 0.00, 890.00);
INSERT INTO `u_user_account` VALUES (50777748116225, 0.00, 0.00, 0.00);
INSERT INTO `u_user_account` VALUES (50778761636825, 0.00, 0.00, 0.00);
INSERT INTO `u_user_account` VALUES (50780293421225, 239.12, 111.00, 128.12);
INSERT INTO `u_user_account` VALUES (50788086120025, 954.04, 0.00, 954.04);
INSERT INTO `u_user_account` VALUES (50823449487825, 0.00, 0.00, 0.00);
INSERT INTO `u_user_account` VALUES (50829528388625, 0.00, 0.00, 0.00);
INSERT INTO `u_user_account` VALUES (51056821819125, 0.00, 0.00, 0.00);
INSERT INTO `u_user_account` VALUES (51063029782425, 0.00, 0.00, 0.00);
INSERT INTO `u_user_account` VALUES (51503268532625, 0.00, 0.00, 0.00);
COMMIT;

-- ----------------------------
-- Table structure for u_user_member
-- ----------------------------
DROP TABLE IF EXISTS `u_user_member`;
CREATE TABLE `u_user_member` (
  `id` bigint(11) NOT NULL COMMENT '主键ID',
  `user_name` varchar(50) DEFAULT NULL COMMENT '用户名',
  `real_name` varchar(20) DEFAULT NULL COMMENT '真实姓名',
  `idcard` varchar(20) DEFAULT NULL COMMENT '身份证',
  `telephone` varchar(20) DEFAULT NULL COMMENT '手机号码',
  `email` varchar(100) DEFAULT NULL COMMENT '邮箱',
  `marital_Status` int(11) DEFAULT '0' COMMENT '婚姻状态-0未填写，1未婚，2已婚，3离异，4丧偶',
  `province` varchar(50) DEFAULT NULL COMMENT '居住地：省',
  `city` varchar(50) DEFAULT NULL COMMENT '市',
  `district` varchar(100) DEFAULT NULL COMMENT '区县街道',
  `educate` varchar(20) DEFAULT NULL COMMENT '学历',
  `industry` varchar(20) DEFAULT NULL COMMENT '行业',
  `occupation` varchar(20) DEFAULT NULL COMMENT '职业',
  `earning` varchar(50) DEFAULT NULL COMMENT '收入',
  `pwd` varchar(50) DEFAULT NULL COMMENT '登录密码',
  `pay_pwd` varchar(255) DEFAULT NULL COMMENT '充值密码',
  `drawPwd` varchar(50) DEFAULT NULL COMMENT '提款密码',
  `validated` tinyint(1) DEFAULT '0' COMMENT '实名认证',
  `regDate` timestamp NULL DEFAULT NULL,
  `trackId` varchar(20) DEFAULT NULL COMMENT '自己的推荐码',
  `loginTime` timestamp NULL DEFAULT NULL COMMENT '最后登录时间',
  `utm_content` varchar(200) DEFAULT NULL,
  `status` int(4) DEFAULT '1' COMMENT '用户状态(0:正常,2:锁定提款)',
  `headerImg` varchar(200) DEFAULT NULL COMMENT '用户头像',
  `level` int(11) DEFAULT '2' COMMENT '0：VIP,1：A类，2：B类，3：C类，',
  `update_Time` timestamp NULL DEFAULT NULL COMMENT '更新时间',
  `reg_source` int(11) DEFAULT '0' COMMENT '注册来源（0:其它,1:PC,2:H5,3:android,4:IOS)',
  `terminal_id` varchar(100) DEFAULT NULL COMMENT '终端ID',
  `remark` varchar(200) DEFAULT NULL COMMENT '用户备注',
  `locking` int(4) DEFAULT '0' COMMENT '锁定状态（0否，1是）',
  `lock_time` timestamp NULL DEFAULT NULL COMMENT '锁定时间',
  `referral_Code` varchar(255) DEFAULT NULL COMMENT '上级用户的推荐码。',
  PRIMARY KEY (`id`),
  UNIQUE KEY `userName` (`user_name`),
  KEY `email` (`email`),
  KEY `idcard` (`idcard`),
  KEY `trackId` (`trackId`),
  KEY `telephone` (`telephone`)
) ENGINE=InnoDB DEFAULT CHARSET=utf8 COMMENT='会员表';

-- ----------------------------
-- Records of u_user_member
-- ----------------------------
BEGIN;
INSERT INTO `u_user_member` VALUES (1, '18221484418', '拉拉', '610629199303230023', '18221484418', NULL, 0, NULL, NULL, NULL, NULL, NULL, NULL, NULL, 'eda79202d2ae9fab8b1468c270755a9a', NULL, NULL, 1, NULL, '1', '2017-11-20 16:52:49', NULL, 1, NULL, 2, NULL, 0, NULL, NULL, 0, NULL, NULL);
INSERT INTO `u_user_member` VALUES (233, NULL, '萧玉梁', '370213198801086610', '17000000000', NULL, NULL, NULL, NULL, NULL, NULL, NULL, NULL, NULL, 'eda79202d2ae9fab8b1468c270755a9a', NULL, '6846860684f05029abccc09a53cd66f1', 1, '2018-01-18 15:56:06', NULL, '2018-01-03 16:30:38', NULL, 1, NULL, NULL, NULL, 0, NULL, '恶趣味', 0, NULL, NULL);
INSERT INTO `u_user_member` VALUES (50606726321422, NULL, '17000000001', NULL, '17000000001', NULL, NULL, NULL, NULL, NULL, NULL, NULL, NULL, NULL, 'eda79202d2ae9fab8b1468c270755a9a', NULL, '6846860684f05029abccc09a53cd66f1', NULL, NULL, NULL, '2017-09-23 15:04:43', NULL, 1, NULL, NULL, NULL, 0, NULL, NULL, 0, NULL, NULL);
INSERT INTO `u_user_member` VALUES (50632074355125, NULL, '2222', '111111111111111110', '13102207152', NULL, NULL, NULL, NULL, NULL, NULL, NULL, NULL, NULL, 'eda79202d2ae9fab8b1468c270755a9a', NULL, '6846860684f05029abccc09a53cd66f1', 1, NULL, NULL, '2017-11-17 16:41:17', NULL, 1, NULL, NULL, NULL, 5, NULL, NULL, 0, NULL, NULL);
INSERT INTO `u_user_member` VALUES (50632086436425, NULL, '13102207654', NULL, '13102207654', NULL, NULL, NULL, NULL, NULL, NULL, NULL, NULL, NULL, 'eda79202d2ae9fab8b1468c270755a9a', NULL, '6846860684f05029abccc09a53cd66f1', NULL, NULL, NULL, NULL, NULL, 1, NULL, NULL, NULL, 5, NULL, NULL, 0, NULL, NULL);
INSERT INTO `u_user_member` VALUES (50632088336625, NULL, '13102207150', NULL, '13102207150', NULL, NULL, NULL, NULL, NULL, NULL, NULL, NULL, NULL, 'eda79202d2ae9fab8b1468c270755a9a', NULL, '6846860684f05029abccc09a53cd66f1', NULL, NULL, NULL, NULL, NULL, 1, NULL, NULL, NULL, 5, NULL, NULL, 0, NULL, NULL);
INSERT INTO `u_user_member` VALUES (50632104446325, NULL, '拉拉', '430408199406013017', '13102207153', NULL, NULL, NULL, NULL, NULL, NULL, NULL, NULL, NULL, 'eda79202d2ae9fab8b1468c270755a9a', NULL, '6846860684f05029abccc09a53cd66f1', 1, NULL, NULL, '2017-09-25 17:47:32', NULL, 1, NULL, NULL, NULL, 5, NULL, NULL, 0, NULL, NULL);
INSERT INTO `u_user_member` VALUES (50665402068025, '13102207155', NULL, NULL, '13102207155', NULL, NULL, NULL, NULL, NULL, NULL, NULL, NULL, NULL, 'eda79202d2ae9fab8b1468c270755a9a', NULL, '6846860684f05029abccc09a53cd66f1', NULL, NULL, NULL, NULL, NULL, 1, NULL, NULL, NULL, 4, NULL, NULL, 0, NULL, NULL);
INSERT INTO `u_user_member` VALUES (50665405586225, '13102207158', NULL, NULL, '13102207158', NULL, NULL, NULL, NULL, NULL, NULL, NULL, NULL, NULL, 'eda79202d2ae9fab8b1468c270755a9a', NULL, '6846860684f05029abccc09a53cd66f1', NULL, NULL, NULL, NULL, NULL, 1, NULL, NULL, NULL, 4, NULL, NULL, 0, NULL, NULL);
INSERT INTO `u_user_member` VALUES (50665409122225, '13102207177', NULL, NULL, '13102207177', NULL, NULL, NULL, NULL, NULL, NULL, NULL, NULL, NULL, 'eda79202d2ae9fab8b1468c270755a9a', NULL, '6846860684f05029abccc09a53cd66f1', NULL, NULL, NULL, NULL, NULL, 1, NULL, NULL, NULL, 4, NULL, NULL, 0, NULL, NULL);
INSERT INTO `u_user_member` VALUES (50667964431825, '13102207167', NULL, NULL, '13102207167', NULL, NULL, NULL, NULL, NULL, NULL, NULL, NULL, NULL, 'eda79202d2ae9fab8b1468c270755a9a', NULL, '6846860684f05029abccc09a53cd66f1', NULL, NULL, NULL, NULL, NULL, 1, NULL, NULL, NULL, 4, NULL, NULL, 0, NULL, NULL);
INSERT INTO `u_user_member` VALUES (50668175883825, '13102207651', NULL, NULL, '13102207651', NULL, NULL, NULL, NULL, NULL, NULL, NULL, NULL, NULL, 'eda79202d2ae9fab8b1468c270755a9a', NULL, '6846860684f05029abccc09a53cd66f1', NULL, NULL, NULL, NULL, NULL, 1, NULL, NULL, NULL, 4, NULL, NULL, 0, NULL, NULL);
INSERT INTO `u_user_member` VALUES (50751410393725, '18633331111', '谭舒', '13098419800729135x', '18633331111', NULL, NULL, NULL, NULL, NULL, NULL, NULL, NULL, NULL, 'eda79202d2ae9fab8b1468c270755a9a', NULL, '6846860684f05029abccc09a53cd66f1', 1, NULL, NULL, '2017-11-13 14:09:22', NULL, 1, NULL, NULL, NULL, 2, NULL, NULL, 0, NULL, NULL);
INSERT INTO `u_user_member` VALUES (50751530659325, '18633331112', NULL, NULL, '18633331112', NULL, NULL, NULL, NULL, NULL, NULL, NULL, NULL, NULL, 'eda79202d2ae9fab8b1468c270755a9a', NULL, '6846860684f05029abccc09a53cd66f1', 0, NULL, NULL, '2017-10-11 10:40:53', NULL, 1, NULL, NULL, NULL, 2, NULL, NULL, 0, NULL, NULL);
INSERT INTO `u_user_member` VALUES (50751725118825, '13102207151', '发过', '222222222222222220', '13102207151', NULL, NULL, NULL, NULL, NULL, NULL, NULL, NULL, NULL, 'eda79202d2ae9fab8b1468c270755a9a', NULL, '6846860684f05029abccc09a53cd66f1', NULL, NULL, NULL, NULL, NULL, 1, NULL, NULL, NULL, 4, NULL, NULL, 0, NULL, NULL);
INSERT INTO `u_user_member` VALUES (50751879022925, '13102207160', NULL, NULL, '13102207160', NULL, NULL, NULL, NULL, NULL, NULL, NULL, NULL, NULL, 'eda79202d2ae9fab8b1468c270755a9a', NULL, '6846860684f05029abccc09a53cd66f1', NULL, NULL, NULL, NULL, NULL, 1, NULL, NULL, NULL, 4, NULL, NULL, 0, NULL, NULL);
INSERT INTO `u_user_member` VALUES (50751893047625, '13102207156', NULL, NULL, '13102207156', NULL, NULL, NULL, NULL, NULL, NULL, NULL, NULL, NULL, 'eda79202d2ae9fab8b1468c270755a9a', NULL, '6846860684f05029abccc09a53cd66f1', NULL, NULL, NULL, NULL, NULL, 1, NULL, NULL, NULL, 2, NULL, NULL, 0, NULL, NULL);
INSERT INTO `u_user_member` VALUES (50751903485325, '13102208751', '请求', '222222222222222223', '13102208751', NULL, NULL, NULL, NULL, NULL, NULL, NULL, NULL, NULL, 'eda79202d2ae9fab8b1468c270755a9a', NULL, '6846860684f05029abccc09a53cd66f1', NULL, NULL, NULL, '2017-10-09 13:16:00', NULL, 1, NULL, NULL, NULL, 4, NULL, NULL, 0, NULL, '3');
INSERT INTO `u_user_member` VALUES (50752732080925, '18221484417', NULL, NULL, '18221484417', NULL, NULL, NULL, NULL, NULL, NULL, NULL, NULL, NULL, 'eda79202d2ae9fab8b1468c270755a9a', NULL, '6846860684f05029abccc09a53cd66f1', NULL, NULL, NULL, NULL, NULL, 1, NULL, NULL, NULL, 2, NULL, NULL, 0, NULL, NULL);
INSERT INTO `u_user_member` VALUES (50752863517925, '13102208760', NULL, NULL, '13102208760', NULL, NULL, NULL, NULL, NULL, NULL, NULL, NULL, NULL, '3f4d6222dd0270963a509c023ed9d993', NULL, 'ef209c9343ca8c715265781876657b18', NULL, NULL, NULL, NULL, NULL, 1, NULL, NULL, NULL, 4, NULL, NULL, 0, NULL, NULL);
INSERT INTO `u_user_member` VALUES (50752897071625, '13102207170', '地方', '510723198006202551', '13102207170', NULL, NULL, NULL, NULL, NULL, NULL, NULL, NULL, NULL, 'eda79202d2ae9fab8b1468c270755a9a', NULL, '6846860684f05029abccc09a53cd66f1', 1, NULL, NULL, NULL, NULL, 1, NULL, NULL, NULL, 4, NULL, NULL, 0, NULL, '2');
INSERT INTO `u_user_member` VALUES (50753628466025, '18633331113', '史容胜', '411103199010207973', '18633331113', NULL, NULL, NULL, NULL, NULL, NULL, NULL, NULL, NULL, 'eda79202d2ae9fab8b1468c270755a9a', NULL, '6846860684f05029abccc09a53cd66f1', 1, NULL, NULL, '2017-11-09 10:47:50', NULL, 1, NULL, NULL, NULL, 4, NULL, NULL, 0, NULL, NULL);
INSERT INTO `u_user_member` VALUES (50754149255125, '13102208615', 'asdwdsafc', '51072319880814383X', '13102208615', NULL, NULL, NULL, NULL, NULL, NULL, NULL, NULL, NULL, 'eda79202d2ae9fab8b1468c270755a9a', NULL, '6846860684f05029abccc09a53cd66f1', 1, NULL, NULL, NULL, NULL, 1, NULL, NULL, NULL, 4, NULL, NULL, 0, NULL, NULL);
INSERT INTO `u_user_member` VALUES (50768995012625, '18633331114', '魏佳', '341621198403251075', '18633331114', NULL, NULL, NULL, NULL, NULL, NULL, NULL, NULL, NULL, 'eda79202d2ae9fab8b1468c270755a9a', NULL, '6846860684f05029abccc09a53cd66f1', 1, NULL, NULL, '2017-10-12 10:40:10', NULL, 1, NULL, NULL, NULL, 4, NULL, NULL, 0, NULL, NULL);
INSERT INTO `u_user_member` VALUES (50777619970725, '18633331115', '艾新', '350627199301209363', '18633331115', NULL, NULL, NULL, NULL, NULL, NULL, NULL, NULL, NULL, 'eda79202d2ae9fab8b1468c270755a9a', NULL, '6846860684f05029abccc09a53cd66f1', 1, NULL, NULL, '2017-10-18 10:56:07', NULL, 1, NULL, NULL, NULL, 4, NULL, NULL, 0, NULL, NULL);
INSERT INTO `u_user_member` VALUES (50777748116225, '18512135202', 'hh', '140924199111115057', '18512135202', NULL, NULL, NULL, NULL, NULL, NULL, NULL, NULL, NULL, 'e56ac4e777ec66d21f56b95c81724c0d', NULL, 'dc483e80a7a0bd9ef71d8cf973673924', 1, NULL, NULL, '2017-10-18 10:55:35', NULL, 1, NULL, NULL, NULL, 3, NULL, NULL, 0, NULL, NULL);
INSERT INTO `u_user_member` VALUES (50778761636825, '13102207183', 'dfgerg', '510723197801231912', '13102207183', NULL, NULL, NULL, NULL, NULL, NULL, NULL, NULL, NULL, 'eda79202d2ae9fab8b1468c270755a9a', NULL, '6846860684f05029abccc09a53cd66f1', 1, NULL, NULL, NULL, NULL, 1, NULL, NULL, NULL, 4, NULL, NULL, 0, NULL, NULL);
INSERT INTO `u_user_member` VALUES (50780293421225, '18633331116', '云乐', '610830198911085634', '18633331116', NULL, NULL, NULL, NULL, NULL, NULL, NULL, NULL, NULL, 'eda79202d2ae9fab8b1468c270755a9a', NULL, '6846860684f05029abccc09a53cd66f1', 1, NULL, NULL, '2017-11-13 17:38:51', NULL, 1, NULL, NULL, NULL, 4, NULL, NULL, 0, NULL, NULL);
INSERT INTO `u_user_member` VALUES (50788086120025, '15921956813', '邢佳瑢', '310107199108134427', '15921956813', NULL, NULL, NULL, NULL, NULL, NULL, NULL, NULL, NULL, 'eda79202d2ae9fab8b1468c270755a9a', NULL, '6846860684f05029abccc09a53cd66f1', 1, NULL, '7', '2017-10-13 16:02:39', NULL, 1, NULL, NULL, NULL, 4, NULL, NULL, 0, NULL, '1');
INSERT INTO `u_user_member` VALUES (50823449487825, '13201819222', '苏轼', '610629199403230039', '13201819222', NULL, NULL, NULL, NULL, NULL, NULL, NULL, NULL, NULL, 'eda79202d2ae9fab8b1468c270755a9a', NULL, '6846860684f05029abccc09a53cd66f1', 1, NULL, '3', '2017-10-17 18:02:57', NULL, 1, NULL, NULL, NULL, 3, NULL, NULL, 0, NULL, '1');
INSERT INTO `u_user_member` VALUES (50829528388625, '18633331118', '龚博丹', '150823197506184955', '18633331118', NULL, NULL, NULL, NULL, NULL, NULL, NULL, NULL, NULL, 'eda79202d2ae9fab8b1468c270755a9a', NULL, '6846860684f05029abccc09a53cd66f1', 1, NULL, '2', '2017-11-13 15:00:57', NULL, 1, NULL, NULL, NULL, 3, NULL, NULL, 0, NULL, '1');
INSERT INTO `u_user_member` VALUES (51056821819125, '15800532300', NULL, NULL, '15800532300', NULL, NULL, NULL, NULL, NULL, NULL, NULL, NULL, NULL, 'b78cceafe30e6bdcaa85a571e1f4013d', NULL, '2ff7c95a14d1140cb6d3e342e91f79ae', NULL, NULL, '6', NULL, NULL, 1, NULL, NULL, NULL, 2, NULL, NULL, 0, NULL, '1');
INSERT INTO `u_user_member` VALUES (51063029782425, '13201819622', NULL, NULL, '13201819622', NULL, NULL, NULL, NULL, NULL, NULL, NULL, NULL, NULL, 'eda79202d2ae9fab8b1468c270755a9a', NULL, '6846860684f05029abccc09a53cd66f1', NULL, NULL, '5', NULL, NULL, 1, NULL, NULL, NULL, 3, NULL, NULL, 0, NULL, '1');
INSERT INTO `u_user_member` VALUES (51503268532625, '17088889999', NULL, NULL, '17088889999', NULL, NULL, NULL, NULL, NULL, NULL, NULL, NULL, NULL, 'eda79202d2ae9fab8b1468c270755a9a', NULL, '6846860684f05029abccc09a53cd66f1', NULL, NULL, '4', NULL, NULL, 1, NULL, NULL, NULL, 1, NULL, NULL, 0, NULL, '1');
COMMIT;

SET FOREIGN_KEY_CHECKS = 1;
